movie_id,title,release_year,genre,secondary_genre,language,country,studio,director,runtime_mins,budget_million_usd,revenue_million_usd,imdb_rating,metascore,votes,profit_million_usd,roi_pct,is_hit
1052,Golden Whisper,2000,Comedy,,English,USA,Sony Pictures,J. Nolan,96,18.2,77.7,7.0,74,12211,59.5,326.9,1
1084,Lost Storm,2000,Drama,Adventure,Korean,China,Walt Disney Studios,H. Cho,118,14.7,57.0,4.8,42,23135,42.3,287.8,1
1088,Crimson Chronicles,2000,Animation,,English,India,Legendary Pictures,N. Rossi,127,33.0,113.9,6.4,57,477666,80.9,245.2,1
1250,Hidden Empire,2000,Drama,Romance,English,South Korea,A24,N. Rossi,138,12.3,20.8,7.8,75,120343,8.5,69.1,0
1661,Silent Storm,2000,Action,Sci-Fi,French,China,Legendary Pictures,N. Rossi,92,34.8,120.3,4.7,51,22299,85.5,245.7,1
1696,Endless Chronicles,2000,Comedy,Horror,Hindi,Australia,Universal Pictures,A. Sharma,99,24.2,184.8,7.4,77,48030,160.6,663.6,1
1640,Last Horizon,2000,Romance,Horror,English,India,A24,H. Cho,129,30.4,303.5,4.9,47,21590,273.1,898.4,1
1699,Forgotten Empire,2000,Horror,Action,English,South Korea,Sony Pictures,N. Rossi,128,26.2,28.9,8.3,84,117875,2.7,10.3,0
1390,Endless Vengeance,2000,Crime,,English,Germany,Sony Pictures,B. Martinez,86,25.7,43.9,6.1,60,5576,18.2,70.8,0
1231,Dark Journey,2000,Thriller,Adventure,English,Canada,Legendary Pictures,M. Chen,109,42.3,18.5,6.3,68,170658,-23.8,-56.3,0
1446,Rising Horizon,2000,Sci-Fi,Thriller,Spanish,China,Warner Bros,T. Wilson,90,40.1,34.8,6.1,76,107687,-5.3,-13.2,0
1423,Endless Storm,2000,Crime,,Hindi,China,Paramount,A. Sharma,97,44.0,468.1,6.7,69,11750,424.1,963.9,1
1457,Last Horizon,2000,Sci-Fi,Comedy,English,Canada,Warner Bros,V. Petrov,117,30.4,65.1,8.2,98,55045,34.7,114.1,1
1433,Lost Horizon,2000,Romance,Horror,English,South Korea,Warner Bros,M. Chen,125,6.7,6.3,7.0,71,139727,-0.4,-6.0,0
1431,Endless Whisper,2000,Crime,,Chinese,Germany,MGM,H. Cho,131,9.0,13.6,5.4,57,192085,4.6,51.1,0
1393,Shadow Storm,2000,Sci-Fi,,English,China,MGM,V. Petrov,148,103.5,160.8,5.7,44,12398,57.3,55.4,0
1447,Last Journey,2000,Crime,Thriller,English,France,Legendary Pictures,R. Patel,84,14.0,79.3,7.4,75,41691,65.3,466.4,1
1097,Shadow Empire,2000,Adventure,Drama,Hindi,Australia,Paramount,B. Martinez,139,59.7,240.9,6.4,56,1319,181.2,303.5,1
1062,Endless Odyssey,2000,Comedy,,English,India,Paramount,P. Dubois,122,20.1,44.9,6.0,51,5853,24.8,123.4,1
1332,Dark Empire,2000,Romance,Crime,English,UK,A24,S. Kim,157,21.1,239.1,6.0,81,25080,218.0,1033.2,1
1287,Eternal Odyssey,2000,Comedy,Thriller,Chinese,Japan,Warner Bros,L. Garcia,129,15.0,39.1,7.3,86,40094,24.1,160.7,1
1075,Rising Requiem,2000,Animation,Romance,Spanish,Japan,Walt Disney Studios,R. Patel,146,86.8,167.4,6.2,66,96595,80.6,92.9,0
1718,Lost Dawn,2000,Drama,,Japanese,Japan,MGM,L. Garcia,110,39.1,21.1,5.6,69,84060,-18.0,-46.0,0
1713,Eternal Storm,2000,Action,Horror,Korean,India,Walt Disney Studios,K. Tanaka,111,80.9,230.5,5.3,39,52029,149.6,184.9,1
1197,Hidden Frontier,2000,Romance,Horror,English,Australia,Paramount,V. Petrov,116,20.1,40.1,6.1,57,72573,20.0,99.5,0
1063,Endless Legacy,2000,Action,Comedy,Hindi,South Korea,MGM,S. Kim,99,72.8,102.5,8.6,84,16577,29.7,40.8,0
1140,Shadow Frontier,2000,Action,,Japanese,France,MGM,T. Wilson,108,24.4,11.5,6.7,75,75844,-12.9,-52.9,0
1598,Lost Empire,2000,Horror,Drama,French,Canada,Legendary Pictures,L. Garcia,107,13.2,139.7,5.8,64,24096,126.5,958.3,1
1154,Golden Kingdom,2000,Thriller,Sci-Fi,English,India,Walt Disney Studios,H. Cho,113,14.2,35.4,4.8,52,23466,21.2,149.3,1
1150,Broken Odyssey,2000,Sci-Fi,,Japanese,Japan,Walt Disney Studios,D. Okafor,150,82.8,36.8,8.0,84,223509,-46.0,-55.6,0
1615,Eternal Journey,2000,Animation,,English,UK,Universal Pictures,B. Martinez,75,30.8,55.8,6.4,48,9649,25.0,81.2,0
1692,Dark Empire,2001,Action,Comedy,Hindi,India,Universal Pictures,J. Nolan,118,43.8,56.4,7.4,81,391274,12.6,28.8,0
1103,Hidden Kingdom,2001,Romance,,French,UK,Lionsgate,J. Nolan,130,8.4,55.9,6.8,59,38300,47.5,565.5,1
1104,Eternal Horizon,2001,Animation,Crime,English,Germany,Sony Pictures,V. Petrov,87,48.9,69.4,6.9,68,4666,20.5,41.9,0
1270,Endless Legacy,2001,Horror,Comedy,Japanese,France,Warner Bros,T. Wilson,100,26.0,16.2,7.8,84,33772,-9.8,-37.7,0
1260,Final Horizon,2001,Horror,Thriller,English,Japan,A24,A. Sharma,133,14.6,37.4,7.2,76,9575,22.8,156.2,1
1201,Forgotten Horizon,2001,Romance,Comedy,Hindi,USA,Legendary Pictures,K. Tanaka,135,7.4,17.6,6.7,62,24615,10.2,137.8,1
1574,Crimson Whisper,2001,Action,,English,South Korea,MGM,P. Dubois,80,72.8,207.4,6.3,59,13595,134.6,184.9,1
1128,Eternal Vengeance,2001,Action,Horror,English,UK,Walt Disney Studios,R. Patel,75,31.0,45.0,5.3,52,81910,14.0,45.2,0
1145,Dark Whisper,2001,Comedy,,Korean,China,Walt Disney Studios,A. Sharma,122,15.1,21.3,5.9,57,78059,6.2,41.1,0
1725,Wild Journey,2001,Thriller,Crime,Hindi,France,Paramount,A. Sharma,112,52.3,160.0,7.1,60,43233,107.7,205.9,1
1069,Eternal Journey,2001,Sci-Fi,,English,South Korea,Universal Pictures,P. Dubois,136,113.9,172.6,5.2,51,174712,58.7,51.5,0
1735,Crimson Legacy,2001,Crime,Thriller,Japanese,UK,MGM,M. Chen,112,33.0,60.0,6.3,68,64708,27.0,81.8,0
1525,Golden Odyssey,2001,Sci-Fi,Romance,English,UK,A24,S. Kim,100,37.1,149.2,6.3,67,11344,112.1,302.2,1
1736,Rising Empire,2001,Drama,Romance,Hindi,UK,Sony Pictures,V. Petrov,75,33.2,124.6,6.2,55,399567,91.4,275.3,1
1534,Eternal Legacy,2001,Sci-Fi,,Korean,South Korea,Walt Disney Studios,L. Garcia,136,54.3,147.7,6.1,56,110436,93.4,172.0,1
1274,Wild Odyssey,2001,Animation,Romance,English,Australia,Lionsgate,P. Dubois,125,41.6,25.3,6.7,74,15595,-16.3,-39.2,0
1557,Dark Horizon,2001,Animation,Horror,Hindi,France,Legendary Pictures,S. Kim,122,48.1,287.6,8.4,79,24729,239.5,497.9,1
1106,Wild Dawn,2001,Animation,,English,Japan,MGM,E. Muller,75,64.2,103.5,5.7,58,237036,39.3,61.2,0
1635,Lost Echo,2001,Adventure,,Chinese,France,Legendary Pictures,S. Kim,118,78.6,58.0,7.2,66,255810,-20.6,-26.2,0
1143,Endless Vengeance,2001,Sci-Fi,,Chinese,Japan,Lionsgate,K. Tanaka,132,96.2,608.3,9.5,90,80979,512.1,532.3,1
1684,Last Odyssey,2001,Animation,,Korean,Australia,Paramount,T. Wilson,126,10.5,38.5,4.4,46,166802,28.0,266.7,1
1441,Forgotten Odyssey,2001,Crime,Drama,English,Germany,Sony Pictures,D. Okafor,88,8.0,13.0,6.2,61,9150,5.0,62.5,0
1224,Forgotten Whisper,2001,Sci-Fi,Animation,English,China,Sony Pictures,R. Patel,81,16.4,14.3,6.6,63,189972,-2.1,-12.8,0
1233,Wild Kingdom,2001,Thriller,Comedy,English,Japan,20th Century Studios,L. Garcia,138,7.5,104.6,5.2,43,279173,97.1,1294.7,1
1434,Lost Dawn,2001,Thriller,Crime,English,France,Legendary Pictures,J. Nolan,117,43.6,32.6,7.3,78,12637,-11.0,-25.2,0
1384,Wild Frontier,2001,Romance,Action,Hindi,Australia,Universal Pictures,R. Patel,117,11.0,21.5,9.0,92,39834,10.5,95.5,0
1092,Last Horizon,2001,Action,,Spanish,South Korea,Sony Pictures,T. Wilson,96,100.2,66.8,6.6,74,161101,-33.4,-33.3,0
1095,Hidden Storm,2001,Animation,Comedy,English,USA,Walt Disney Studios,P. Dubois,134,28.2,24.8,7.0,73,18949,-3.4,-12.1,0
1042,Lost Odyssey,2001,Action,,English,South Korea,Walt Disney Studios,R. Patel,115,28.3,56.4,2.3,16,12595,28.1,99.3,0
1781,Final Frontier,2001,Adventure,,Hindi,South Korea,MGM,T. Wilson,99,59.7,155.0,5.9,70,56701,95.3,159.6,1
1094,Silent Requiem,2001,Crime,Sci-Fi,English,UK,20th Century Studios,K. Tanaka,123,22.5,16.3,4.9,66,35784,-6.2,-27.6,0
1785,Final Requiem,2001,Comedy,Horror,Spanish,South Korea,A24,S. Kim,93,13.3,209.5,5.2,53,42137,196.2,1475.2,1
1784,Dark Empire,2001,Animation,Sci-Fi,English,Australia,20th Century Studios,J. Nolan,108,48.9,701.8,6.0,53,433129,652.9,1335.2,1
1331,Endless Chronicles,2001,Sci-Fi,Romance,Hindi,India,Warner Bros,H. Cho,99,112.1,592.9,6.1,59,26235,480.8,428.9,1
1600,Eternal Empire,2001,Comedy,Adventure,Korean,India,Paramount,B. Martinez,125,43.8,28.1,6.9,81,47924,-15.7,-35.8,0
1126,Wild Odyssey,2001,Sci-Fi,Action,English,South Korea,Warner Bros,M. Chen,116,59.2,605.2,6.6,71,34997,546.0,922.3,1
1180,Shadow Journey,2001,Sci-Fi,Drama,Hindi,Canada,20th Century Studios,L. Garcia,107,100.9,349.8,6.6,59,106818,248.9,246.7,1
1556,Dark Requiem,2001,Adventure,Drama,English,UK,MGM,P. Dubois,126,74.6,110.3,5.8,55,22524,35.7,47.9,0
1108,Crimson Kingdom,2001,Sci-Fi,,English,South Korea,A24,B. Martinez,140,28.8,154.1,7.0,55,34557,125.3,435.1,1
1298,Golden Journey,2001,Animation,,English,France,Walt Disney Studios,P. Dubois,128,55.4,133.0,6.9,69,90598,77.6,140.1,1
1306,Crimson Echo,2001,Crime,Comedy,Hindi,France,Legendary Pictures,T. Wilson,117,6.9,74.2,6.1,66,78870,67.3,975.4,1
1324,Final Journey,2002,Action,Horror,Japanese,Australia,Sony Pictures,B. Martinez,109,30.3,286.4,5.4,80,208990,256.1,845.2,1
1278,Endless Kingdom,2002,Action,Romance,Hindi,Canada,Legendary Pictures,D. Okafor,124,56.4,310.0,7.2,69,32899,253.6,449.6,1
1336,Shadow Chronicles,2002,Animation,Sci-Fi,English,Germany,MGM,B. Martinez,131,22.9,67.7,6.8,70,217514,44.8,195.6,1
1528,Final Requiem,2002,Animation,Crime,Spanish,South Korea,A24,B. Martinez,94,22.6,76.2,6.6,78,119405,53.6,237.2,1
1498,Crimson Whisper,2002,Horror,,Hindi,UK,Walt Disney Studios,V. Petrov,121,29.2,43.2,7.1,70,108846,14.0,47.9,0
1500,Crimson Chronicles,2002,Sci-Fi,Action,English,Australia,Lionsgate,K. Tanaka,109,79.1,640.7,6.0,74,115482,561.6,710.0,1
1067,Crimson Journey,2002,Comedy,Crime,French,Australia,20th Century Studios,H. Cho,98,47.5,6.2,7.1,64,36406,-41.3,-86.9,0
1529,Silent Chronicles,2002,Sci-Fi,Horror,English,USA,Warner Bros,N. Rossi,117,51.2,439.6,5.8,48,2332,388.4,758.6,1
1478,Eternal Chronicles,2002,Animation,Thriller,Hindi,Japan,Lionsgate,H. Cho,126,25.7,154.6,7.9,75,17963,128.9,501.6,1
1466,Lost Kingdom,2002,Crime,Sci-Fi,English,USA,Walt Disney Studios,L. Garcia,134,34.1,103.6,7.3,55,217722,69.5,203.8,1
1271,Dark Storm,2002,Animation,,Japanese,Australia,MGM,T. Wilson,126,57.7,1807.0,5.7,52,76877,1749.3,3031.7,1
1688,Shadow Legacy,2002,Animation,Sci-Fi,English,India,Legendary Pictures,E. Muller,98,26.2,21.8,7.6,83,959,-4.4,-16.8,0
1793,Wild Frontier,2002,Romance,Action,Hindi,India,20th Century Studios,H. Cho,123,5.5,16.7,4.6,57,28014,11.2,203.6,1
1034,Shadow Requiem,2002,Animation,Romance,English,Germany,MGM,P. Dubois,161,51.0,221.4,6.4,63,80002,170.4,334.1,1
1648,Dark Storm,2002,Adventure,,English,Japan,A24,B. Martinez,117,84.9,91.0,6.4,75,112122,6.1,7.2,0
1086,Silent Horizon,2002,Drama,,Hindi,Australia,Walt Disney Studios,K. Tanaka,95,17.3,51.8,6.8,78,73558,34.5,199.4,1
1209,Broken Journey,2002,Adventure,Thriller,Hindi,France,MGM,M. Chen,178,98.8,234.1,6.9,70,15669,135.3,136.9,1
1671,Last Redemption,2002,Drama,,Hindi,China,Warner Bros,E. Muller,102,32.4,160.4,4.6,56,62680,128.0,395.1,1
1259,Endless Storm,2002,Adventure,Animation,Spanish,USA,Paramount,V. Petrov,123,38.6,20.9,5.8,62,57267,-17.7,-45.9,0
1721,Lost Dawn,2002,Sci-Fi,,Chinese,Japan,Sony Pictures,D. Okafor,139,111.8,549.1,6.9,68,36734,437.3,391.1,1
1167,Golden Echo,2002,Adventure,Action,Korean,China,Walt Disney Studios,N. Rossi,121,17.2,55.4,5.7,61,1628,38.2,222.1,1
1438,Eternal Redemption,2002,Comedy,Animation,English,Germany,Warner Bros,S. Kim,142,15.5,137.5,7.2,68,3141,122.0,787.1,1
1194,Shadow Journey,2002,Animation,Crime,English,USA,MGM,K. Tanaka,138,66.1,41.5,7.4,84,36532,-24.6,-37.2,0
1758,Broken Journey,2002,Sci-Fi,,Hindi,China,20th Century Studios,E. Muller,124,72.7,187.3,5.0,48,105509,114.6,157.6,1
1616,Wild Storm,2002,Comedy,,Japanese,South Korea,Lionsgate,P. Dubois,135,34.7,118.6,7.0,73,496065,83.9,241.8,1
1138,Crimson Vengeance,2002,Sci-Fi,,Hindi,Japan,Universal Pictures,V. Petrov,124,115.6,361.1,7.9,77,36849,245.5,212.4,1
1757,Lost Kingdom,2002,Horror,Drama,Japanese,India,Universal Pictures,B. Martinez,130,16.2,49.1,5.4,63,106090,32.9,203.1,1
1098,Forgotten Whisper,2002,Comedy,,English,France,Walt Disney Studios,L. Garcia,118,28.5,383.1,5.9,52,140847,354.6,1244.2,1
1008,Crimson Kingdom,2002,Horror,Crime,Spanish,Germany,Legendary Pictures,P. Dubois,136,9.4,38.4,5.2,40,50224,29.0,308.5,1
1349,Hidden Whisper,2002,Drama,Thriller,Hindi,Japan,Paramount,L. Garcia,132,7.4,61.2,6.5,57,48911,53.8,727.0,1
1666,Wild Kingdom,2002,Animation,Adventure,English,France,MGM,L. Garcia,130,13.3,4.8,5.9,59,282140,-8.5,-63.9,0
1102,Endless Redemption,2003,Crime,,English,South Korea,A24,L. Garcia,121,44.6,89.9,7.5,73,159581,45.3,101.6,1
1091,Silent Storm,2003,Horror,,English,China,Paramount,B. Martinez,109,22.3,60.6,8.1,83,4335,38.3,171.7,1
1057,Eternal Kingdom,2003,Thriller,,English,Germany,A24,D. Okafor,124,45.5,121.3,7.0,66,13053,75.8,166.6,1
1039,Hidden Empire,2003,Animation,,Spanish,UK,Sony Pictures,T. Wilson,113,24.8,63.1,6.7,70,6919,38.3,154.4,1
1676,Shadow Horizon,2003,Drama,Crime,English,France,Sony Pictures,S. Kim,117,10.6,50.9,5.7,45,17937,40.3,380.2,1
1379,Final Whisper,2003,Action,,Japanese,Germany,Walt Disney Studios,H. Cho,125,44.9,577.0,5.8,53,149025,532.1,1185.1,1
1444,Dark Frontier,2003,Horror,Animation,Hindi,UK,Paramount,L. Garcia,114,30.1,100.6,6.1,60,704,70.5,234.2,1
1404,Hidden Vengeance,2003,Crime,,Hindi,Japan,MGM,H. Cho,122,46.6,126.0,6.7,64,80187,79.4,170.4,1
1425,Golden Chronicles,2003,Animation,,Korean,Australia,Universal Pictures,L. Garcia,101,42.4,148.5,5.0,47,8888,106.1,250.2,1
1188,Broken Frontier,2003,Adventure,,English,UK,Lionsgate,H. Cho,128,54.2,375.0,6.9,72,30761,320.8,591.9,1
1176,Last Kingdom,2003,Animation,Sci-Fi,French,Germany,Warner Bros,V. Petrov,116,86.5,102.5,4.8,64,4948,16.0,18.5,0
1166,Broken Empire,2003,Romance,Adventure,English,Canada,Legendary Pictures,K. Tanaka,102,32.4,225.6,5.5,60,16369,193.2,596.3,1
1157,Silent Vengeance,2003,Horror,,English,USA,MGM,E. Muller,97,24.7,66.8,5.3,50,90834,42.1,170.4,1
1585,Lost Echo,2003,Romance,Drama,Korean,Australia,Lionsgate,D. Okafor,123,10.8,10.1,8.7,93,39356,-0.7,-6.5,0
1581,Golden Journey,2003,Action,Horror,Hindi,UK,Warner Bros,T. Wilson,116,30.5,51.9,7.0,68,134658,21.4,70.2,0
1594,Crimson Legacy,2003,Horror,Drama,English,Japan,MGM,E. Muller,76,17.9,50.9,8.6,93,25697,33.0,184.4,1
1602,Dark Dawn,2003,Adventure,Comedy,Hindi,UK,Lionsgate,M. Chen,85,54.9,422.5,7.3,71,15587,367.6,669.6,1
1632,Lost Requiem,2003,Thriller,,Hindi,Canada,Legendary Pictures,S. Kim,124,45.9,43.1,6.9,75,213798,-2.8,-6.1,0
1122,Broken Storm,2003,Drama,,English,India,20th Century Studios,N. Rossi,128,11.5,22.8,6.1,61,67767,11.3,98.3,0
1133,Broken Requiem,2003,Animation,Crime,English,France,Walt Disney Studios,M. Chen,114,22.1,167.1,7.9,73,4450,145.0,656.1,1
1151,Endless Legacy,2003,Animation,Action,Hindi,France,Walt Disney Studios,B. Martinez,113,87.3,775.8,6.4,57,14773,688.5,788.7,1
1243,Silent Legacy,2003,Action,,English,Japan,Sony Pictures,E. Muller,98,24.0,44.9,6.2,64,190141,20.9,87.1,0
1657,Rising Storm,2003,Animation,Crime,English,USA,Walt Disney Studios,V. Petrov,91,19.5,105.2,6.7,68,1458201,85.7,439.5,1
1253,Broken Redemption,2003,Romance,Animation,English,South Korea,Universal Pictures,H. Cho,84,30.4,192.9,5.9,71,63762,162.5,534.5,1
1252,Crimson Frontier,2003,Adventure,Comedy,French,Japan,Universal Pictures,B. Martinez,75,18.9,42.2,7.8,72,2736866,23.3,123.3,1
1283,Broken Echo,2003,Comedy,Thriller,English,Australia,Universal Pictures,E. Muller,110,9.6,29.5,8.1,81,29747,19.9,207.3,1
1482,Lost Empire,2003,Crime,Sci-Fi,English,Canada,Legendary Pictures,H. Cho,91,36.8,138.6,7.5,79,24636,101.8,276.6,1
1504,Eternal Requiem,2003,Animation,,Korean,India,Sony Pictures,M. Chen,125,11.8,81.1,8.9,96,144669,69.3,587.3,1
1193,Crimson Kingdom,2003,Horror,Crime,Spanish,China,Legendary Pictures,N. Rossi,127,5.4,22.2,7.9,72,74907,16.8,311.1,1
1292,Silent Echo,2003,Thriller,,Hindi,India,Universal Pictures,K. Tanaka,121,55.2,396.2,6.4,60,180162,341.0,617.8,1
1341,Lost Echo,2003,Horror,Romance,Hindi,France,Lionsgate,T. Wilson,133,2.7,16.4,7.0,75,38245,13.7,507.4,1
1340,Golden Whisper,2003,Animation,Comedy,English,Australia,Lionsgate,N. Rossi,119,30.9,242.2,5.4,61,242272,211.3,683.8,1
1007,Silent Frontier,2003,Adventure,,Hindi,Germany,Legendary Pictures,M. Chen,113,34.3,208.8,6.2,50,34438,174.5,508.7,1
1342,Eternal Empire,2004,Thriller,Horror,English,Germany,Universal Pictures,R. Patel,120,42.1,193.5,8.3,93,1119109,151.4,359.6,1
1003,Golden Whisper,2004,Thriller,Animation,Chinese,India,Walt Disney Studios,V. Petrov,95,44.2,70.1,4.5,32,89905,25.9,58.6,0
1731,Forgotten Dawn,2004,Crime,Thriller,French,China,MGM,S. Kim,104,28.8,143.9,7.1,74,13432,115.1,399.7,1
1532,Hidden Horizon,2004,Comedy,Action,English,France,A24,S. Kim,89,12.6,50.8,5.0,45,5041,38.2,303.2,1
1187,Forgotten Legacy,2004,Action,,Hindi,Japan,Walt Disney Studios,L. Garcia,119,15.4,50.7,5.8,46,460,35.3,229.2,1
1573,Lost Echo,2004,Adventure,Crime,English,Canada,MGM,E. Muller,126,9.9,78.6,5.9,65,12782,68.7,693.9,1
1499,Golden Echo,2004,Action,Romance,Japanese,Canada,MGM,J. Nolan,117,77.5,554.6,6.0,50,228952,477.1,615.6,1
1650,Final Redemption,2004,Thriller,,Hindi,Germany,Walt Disney Studios,T. Wilson,106,38.2,32.4,8.4,86,189666,-5.8,-15.2,0
1479,Silent Whisper,2004,Adventure,Drama,English,Japan,Sony Pictures,E. Muller,97,55.3,13.1,5.1,43,228296,-42.2,-76.3,0
1199,Golden Redemption,2004,Action,Crime,Hindi,Japan,A24,L. Garcia,126,105.6,2077.6,6.0,56,43892,1972.0,1867.4,1
1451,Eternal Dawn,2004,Adventure,Thriller,Spanish,Australia,Universal Pictures,S. Kim,123,14.5,18.8,7.1,72,496226,4.3,29.7,0
1116,Dark Dawn,2004,Sci-Fi,Animation,Hindi,Canada,Walt Disney Studios,L. Garcia,115,93.5,35.3,6.9,65,33715,-58.2,-62.2,0
1146,Final Echo,2004,Sci-Fi,,Chinese,Germany,A24,M. Chen,140,76.1,705.8,6.2,69,27932,629.7,827.5,1
1136,Lost Kingdom,2004,Animation,,Hindi,France,MGM,B. Martinez,127,11.6,3.6,5.5,52,42801,-8.0,-69.0,0
1586,Silent Frontier,2004,Action,,English,UK,MGM,B. Martinez,93,80.4,394.3,5.8,65,28089,313.9,390.4,1
1554,Shadow Storm,2004,Comedy,,Hindi,Canada,Paramount,N. Rossi,116,31.1,13.4,6.3,63,27827,-17.7,-56.9,0
1701,Shadow Kingdom,2004,Sci-Fi,Crime,English,China,MGM,H. Cho,80,77.1,198.9,6.0,57,7463,121.8,158.0,1
1359,Dark Journey,2004,Comedy,,English,Germany,Lionsgate,H. Cho,142,35.1,57.2,7.2,68,17756,22.1,63.0,0
1396,Silent Vengeance,2004,Crime,,English,Canada,Sony Pictures,K. Tanaka,127,55.5,729.8,7.2,70,22357,674.3,1215.0,1
1370,Last Echo,2004,Thriller,,Spanish,UK,A24,V. Petrov,99,15.3,52.4,6.9,66,46430,37.1,242.5,1
1777,Shadow Frontier,2004,Action,Sci-Fi,English,India,Universal Pictures,P. Dubois,88,95.2,110.1,3.8,32,71947,14.9,15.7,0
1769,Hidden Legacy,2004,Adventure,Crime,English,South Korea,Legendary Pictures,A. Sharma,143,81.7,294.8,7.0,68,16199,213.1,260.8,1
1018,Golden Kingdom,2004,Crime,,Hindi,Australia,MGM,J. Nolan,110,43.0,54.1,8.8,83,115632,11.1,25.8,0
1085,Eternal Empire,2004,Animation,,English,Japan,Lionsgate,J. Nolan,125,65.9,71.5,6.0,55,3789,5.6,8.5,0
1795,Hidden Horizon,2004,Comedy,,English,UK,Lionsgate,M. Chen,114,15.5,255.5,7.2,76,129304,240.0,1548.4,1
1798,Silent Echo,2004,Romance,Animation,English,USA,Lionsgate,E. Muller,107,7.0,28.8,6.9,72,272382,21.8,311.4,1
1791,Last Vengeance,2004,Action,Sci-Fi,English,Germany,Lionsgate,M. Chen,126,79.3,175.3,6.1,78,14224,96.0,121.1,1
1058,Forgotten Storm,2004,Sci-Fi,,English,Germany,Sony Pictures,T. Wilson,134,49.3,90.9,4.8,43,1963,41.6,84.4,0
1568,Dark Journey,2005,Action,Thriller,English,UK,MGM,M. Chen,120,99.5,184.3,5.2,52,391035,84.8,85.2,0
1198,Last Frontier,2005,Thriller,,English,Australia,Warner Bros,K. Tanaka,98,41.3,40.3,7.6,71,11688,-1.0,-2.4,0
1523,Forgotten Whisper,2005,Horror,,English,South Korea,Paramount,H. Cho,132,28.4,20.8,8.8,99,111346,-7.6,-26.8,0
1345,Wild Empire,2005,Adventure,,French,India,Walt Disney Studios,S. Kim,128,13.8,21.5,6.7,79,4392,7.7,55.8,0
1474,Lost Kingdom,2005,Thriller,,English,France,Warner Bros,H. Cho,127,14.2,39.2,6.7,50,5726,25.0,176.1,1
1453,Hidden Dawn,2005,Animation,,English,Germany,Warner Bros,L. Garcia,94,79.6,748.5,7.1,78,114973,668.9,840.3,1
1628,Endless Requiem,2005,Sci-Fi,Drama,English,China,Warner Bros,V. Petrov,146,111.6,78.8,7.5,72,61998,-32.8,-29.4,0
1190,Final Redemption,2005,Romance,Thriller,English,South Korea,Walt Disney Studios,B. Martinez,131,17.1,57.0,6.3,61,120693,39.9,233.3,1
1163,Broken Chronicles,2005,Action,,English,India,Lionsgate,E. Muller,122,64.1,8.1,7.3,68,692170,-56.0,-87.4,0
1555,Lost Legacy,2005,Adventure,Thriller,English,Australia,Paramount,S. Kim,96,49.5,67.9,7.6,59,39072,18.4,37.2,0
1550,Final Requiem,2005,Adventure,,English,Germany,Walt Disney Studios,E. Muller,80,45.8,78.8,6.2,76,11408,33.0,72.1,0
1258,Shadow Requiem,2005,Adventure,Horror,Spanish,Canada,Legendary Pictures,J. Nolan,100,20.7,154.5,7.1,51,14750,133.8,646.4,1
1664,Eternal Legacy,2005,Sci-Fi,,Spanish,UK,Lionsgate,L. Garcia,101,105.0,400.1,5.6,59,485414,295.1,281.0,1
1593,Crimson Storm,2005,Sci-Fi,Crime,Hindi,Germany,Walt Disney Studios,P. Dubois,129,16.5,42.4,5.5,59,119300,25.9,157.0,1
1115,Wild Echo,2005,Drama,Sci-Fi,English,Germany,Sony Pictures,P. Dubois,85,40.1,42.7,6.0,50,23894,2.6,6.5,0
1461,Endless Whisper,2005,Drama,,Korean,USA,A24,A. Sharma,121,9.7,173.4,6.7,62,67945,163.7,1687.6,1
1417,Endless Vengeance,2005,Romance,Action,English,China,20th Century Studios,J. Nolan,106,20.6,83.9,6.5,67,77560,63.3,307.3,1
1234,Golden Frontier,2005,Thriller,Sci-Fi,English,UK,Paramount,J. Nolan,105,16.1,9.7,5.1,50,267527,-6.4,-39.8,0
1402,Final Dawn,2005,Action,,French,India,Warner Bros,B. Martinez,95,23.6,33.0,6.8,61,14177,9.4,39.8,0
1456,Rising Frontier,2005,Crime,Thriller,Hindi,Australia,Sony Pictures,S. Kim,123,44.8,57.6,5.8,76,43050,12.8,28.6,0
1508,Forgotten Echo,2005,Comedy,Action,English,Canada,A24,E. Muller,146,10.9,43.6,5.9,61,170066,32.7,300.0,1
1746,Last Dawn,2005,Animation,Adventure,Spanish,Australia,20th Century Studios,R. Patel,102,48.4,472.8,6.5,72,130238,424.4,876.9,1
1181,Last Requiem,2005,Crime,,Hindi,France,20th Century Studios,A. Sharma,92,37.5,148.8,7.1,76,27958,111.3,296.8,1
1519,Final Horizon,2005,Thriller,,Spanish,France,Walt Disney Studios,P. Dubois,121,16.6,63.8,6.2,52,60181,47.2,284.3,1
1178,Golden Chronicles,2005,Animation,,Chinese,Japan,Universal Pictures,T. Wilson,108,62.9,743.3,6.0,55,263212,680.4,1081.7,1
1783,Shadow Requiem,2005,Adventure,,English,France,A24,T. Wilson,80,64.7,26.8,6.3,58,66584,-37.9,-58.6,0
1054,Dark Storm,2005,Horror,,English,UK,Universal Pictures,B. Martinez,119,18.2,75.1,6.6,69,369008,56.9,312.6,1
1053,Wild Vengeance,2005,Adventure,Drama,Spanish,Canada,Warner Bros,M. Chen,97,91.3,67.8,5.8,64,116672,-23.5,-25.7,0
1079,Wild Kingdom,2005,Thriller,Crime,English,India,Legendary Pictures,R. Patel,129,36.2,192.6,5.5,52,44516,156.4,432.0,1
1728,Crimson Journey,2005,Animation,Sci-Fi,Spanish,Japan,Sony Pictures,N. Rossi,121,82.9,387.8,6.9,63,28144,304.9,367.8,1
1526,Final Journey,2005,Sci-Fi,Crime,French,China,Sony Pictures,J. Nolan,138,111.4,328.2,8.3,98,14103,216.8,194.6,1
1492,Eternal Whisper,2005,Action,Romance,English,France,20th Century Studios,J. Nolan,130,52.8,27.2,7.5,88,52479,-25.6,-48.5,0
1273,Wild Horizon,2005,Action,Drama,Chinese,South Korea,A24,A. Sharma,123,50.9,243.9,5.8,56,21213,193.0,379.2,1
1329,Last Whisper,2005,Comedy,Thriller,English,USA,Universal Pictures,R. Patel,116,24.4,100.7,4.7,37,4655,76.3,312.7,1
1327,Endless Requiem,2005,Adventure,Sci-Fi,Hindi,Australia,Paramount,D. Okafor,96,33.9,29.3,5.8,53,8807,-4.6,-13.6,0
1290,Forgotten Journey,2005,Action,Crime,Chinese,Japan,20th Century Studios,T. Wilson,116,30.8,49.7,7.1,73,81440,18.9,61.4,0
1026,Shadow Dawn,2005,Drama,Romance,Spanish,Canada,20th Century Studios,P. Dubois,131,38.6,215.0,5.0,57,14873,176.4,457.0,1
1028,Hidden Storm,2005,Horror,,Japanese,South Korea,Warner Bros,E. Muller,134,19.5,20.5,7.0,85,18694,1.0,5.1,0
1037,Crimson Redemption,2005,Romance,,English,UK,Warner Bros,P. Dubois,117,12.1,26.8,7.0,74,147564,14.7,121.5,1
1686,Endless Dawn,2006,Animation,,Spanish,Australia,MGM,E. Muller,134,79.4,137.3,5.8,64,52442,57.9,72.9,0
1403,Rising Empire,2006,Crime,Romance,Chinese,India,Warner Bros,D. Okafor,128,53.3,141.0,6.0,52,57972,87.7,164.5,1
1553,Last Journey,2006,Animation,,English,Canada,Legendary Pictures,R. Patel,128,22.7,89.2,6.1,61,9296,66.5,293.0,1
1655,Silent Empire,2006,Drama,Romance,English,China,Warner Bros,A. Sharma,139,10.0,31.6,5.5,47,11784,21.6,216.0,1
1450,Lost Journey,2006,Sci-Fi,,Chinese,France,Paramount,R. Patel,103,20.2,10.8,7.6,77,63429,-9.4,-46.5,0
1620,Silent Frontier,2006,Adventure,,Hindi,China,MGM,S. Kim,132,22.2,19.0,3.9,34,116084,-3.2,-14.4,0
1501,Golden Requiem,2006,Romance,Crime,English,France,Sony Pictures,K. Tanaka,109,25.4,88.0,6.6,84,27758,62.6,246.5,1
1517,Final Requiem,2006,Crime,,Korean,South Korea,20th Century Studios,N. Rossi,116,10.3,34.7,6.0,64,985845,24.4,236.9,1
1297,Broken Vengeance,2006,Adventure,Comedy,French,China,A24,H. Cho,112,107.0,78.5,4.1,44,40249,-28.5,-26.6,0
1716,Lost Frontier,2006,Sci-Fi,Comedy,English,South Korea,A24,J. Nolan,134,74.0,208.8,5.7,51,26426,134.8,182.2,1
1047,Last Journey,2006,Thriller,Comedy,Korean,Germany,20th Century Studios,B. Martinez,98,32.8,117.5,7.1,79,94815,84.7,258.2,1
1788,Broken Horizon,2006,Crime,Adventure,Korean,UK,Walt Disney Studios,H. Cho,91,37.8,209.1,3.9,21,77660,171.3,453.2,1
1027,Eternal Storm,2006,Animation,Sci-Fi,French,China,Sony Pictures,D. Okafor,152,85.1,321.0,6.4,76,15902,235.9,277.2,1
1019,Rising Redemption,2006,Romance,Drama,Spanish,South Korea,MGM,R. Patel,104,39.4,105.7,5.3,44,13243,66.3,168.3,1
1030,Rising Echo,2006,Crime,Horror,English,South Korea,Paramount,H. Cho,140,17.3,94.3,6.6,63,626826,77.0,445.1,1
1388,Forgotten Horizon,2006,Sci-Fi,Crime,Korean,Australia,20th Century Studios,H. Cho,118,118.4,115.4,4.6,43,232678,-3.0,-2.5,0
1665,Wild Odyssey,2006,Comedy,Animation,English,France,Sony Pictures,A. Sharma,126,42.5,50.2,7.1,73,3914,7.7,18.1,0
1269,Shadow Requiem,2006,Action,,English,Japan,Paramount,A. Sharma,131,18.9,123.9,7.0,60,20283,105.0,555.6,1
1123,Crimson Empire,2006,Thriller,,English,Canada,Legendary Pictures,L. Garcia,107,54.0,125.8,5.0,54,114976,71.8,133.0,1
1458,Wild Vengeance,2006,Thriller,Comedy,Japanese,UK,MGM,A. Sharma,97,18.0,20.7,6.6,58,2581,2.7,15.0,0
1175,Final Chronicles,2006,Animation,,English,Japan,Sony Pictures,P. Dubois,114,92.7,784.9,7.2,73,70602,692.2,746.7,1
1302,Wild Vengeance,2006,Sci-Fi,Romance,English,India,Sony Pictures,H. Cho,88,85.3,74.0,6.1,60,35980,-11.3,-13.2,0
1311,Last Requiem,2006,Action,Drama,English,China,Paramount,R. Patel,92,112.1,1634.8,6.5,73,15812,1522.7,1358.3,1
1350,Forgotten Horizon,2006,Comedy,Adventure,Japanese,China,Universal Pictures,E. Muller,128,30.4,141.8,5.6,57,104646,111.4,366.4,1
1061,Broken Kingdom,2006,Drama,Romance,Japanese,France,MGM,T. Wilson,122,7.7,83.6,4.9,44,26329,75.9,985.7,1
1153,Rising Vengeance,2007,Sci-Fi,Horror,English,Japan,20th Century Studios,H. Cho,109,62.0,155.3,5.7,55,16928,93.3,150.5,1
1426,Silent Redemption,2007,Animation,Action,Spanish,India,Legendary Pictures,T. Wilson,159,28.2,46.2,7.4,67,42139,18.0,63.8,0
1391,Broken Kingdom,2007,Action,Drama,Korean,India,Sony Pictures,L. Garcia,94,61.2,14.1,6.8,69,24683,-47.1,-77.0,0
1371,Wild Whisper,2007,Crime,,English,Australia,Universal Pictures,L. Garcia,75,61.5,223.9,4.5,45,13232,162.4,264.1,1
1082,Broken Requiem,2007,Horror,Drama,Korean,UK,Lionsgate,A. Sharma,142,5.1,8.4,5.6,63,24378,3.3,64.7,0
1407,Endless Horizon,2007,Crime,Adventure,English,India,Paramount,K. Tanaka,111,35.5,137.6,6.2,71,2693,102.1,287.6,1
1362,Broken Journey,2007,Crime,Thriller,English,China,Legendary Pictures,D. Okafor,143,52.7,126.9,6.3,66,71708,74.2,140.8,1
1248,Last Kingdom,2007,Adventure,Romance,Hindi,China,Paramount,T. Wilson,122,79.9,378.5,8.3,96,63810,298.6,373.7,1
1411,Endless Frontier,2007,Horror,Crime,French,India,20th Century Studios,H. Cho,109,31.6,367.4,6.2,61,15614,335.8,1062.7,1
1374,Final Whisper,2007,Romance,Adventure,English,Germany,Warner Bros,J. Nolan,97,38.4,83.4,6.5,63,10837,45.0,117.2,1
1613,Forgotten Requiem,2007,Action,Romance,English,Australia,20th Century Studios,B. Martinez,104,14.6,41.7,7.3,67,112727,27.1,185.6,1
1078,Eternal Vengeance,2007,Action,Thriller,French,China,Sony Pictures,M. Chen,155,16.3,14.2,6.1,65,41636,-2.1,-12.9,0
1755,Final Journey,2007,Romance,Horror,English,China,MGM,M. Chen,114,33.1,66.4,7.7,83,154126,33.3,100.6,1
1503,Last Echo,2007,Comedy,,Chinese,Canada,Universal Pictures,S. Kim,143,39.5,55.1,6.6,73,51240,15.6,39.5,0
1516,Last Redemption,2007,Drama,,Hindi,China,MGM,T. Wilson,128,12.5,21.5,9.0,99,15812,9.0,72.0,0
1522,Final Empire,2007,Sci-Fi,,Spanish,Australia,Universal Pictures,S. Kim,116,73.5,252.5,5.4,42,181773,179.0,243.5,1
1228,Last Dawn,2007,Sci-Fi,Adventure,English,UK,Legendary Pictures,E. Muller,110,27.4,86.0,4.9,40,277425,58.6,213.9,1
1658,Forgotten Legacy,2007,Animation,Comedy,Chinese,Australia,Walt Disney Studios,S. Kim,126,27.9,41.6,7.1,70,625005,13.7,49.1,0
1685,Endless Legacy,2007,Comedy,Horror,Hindi,UK,Sony Pictures,D. Okafor,143,34.8,119.0,6.8,68,86717,84.2,242.0,1
1222,Lost Dawn,2007,Action,,English,India,Universal Pictures,P. Dubois,103,24.0,25.1,7.4,78,33702,1.1,4.6,0
1762,Crimson Dawn,2007,Drama,Sci-Fi,English,Australia,MGM,D. Okafor,111,6.5,40.5,4.4,35,27754,34.0,523.1,1
1279,Last Journey,2007,Crime,,English,France,Lionsgate,R. Patel,98,39.7,32.0,6.2,67,8857,-7.7,-19.4,0
1277,Shadow Kingdom,2007,Adventure,,English,India,Universal Pictures,E. Muller,99,27.0,90.7,7.0,61,85556,63.7,235.9,1
1299,Forgotten Legacy,2007,Sci-Fi,Animation,Japanese,Germany,20th Century Studios,L. Garcia,122,53.9,407.3,4.9,39,22308,353.4,655.7,1
1313,Final Echo,2007,Sci-Fi,Romance,English,China,Universal Pictures,P. Dubois,112,86.1,341.8,7.4,60,192797,255.7,297.0,1
1072,Golden Empire,2007,Action,,Hindi,USA,Legendary Pictures,L. Garcia,133,112.3,704.2,6.4,60,22259,591.9,527.1,1
1068,Last Requiem,2007,Horror,Romance,English,Japan,Paramount,P. Dubois,110,34.0,55.6,6.8,84,83743,21.6,63.5,0
1162,Hidden Whisper,2007,Crime,,Hindi,Canada,Lionsgate,T. Wilson,146,59.8,35.0,6.0,59,10223,-24.8,-41.5,0
1195,Dark Echo,2007,Horror,,Japanese,Australia,Universal Pictures,H. Cho,119,30.8,23.8,6.7,78,112459,-7.0,-22.7,0
1378,Eternal Echo,2007,Sci-Fi,Thriller,English,France,20th Century Studios,D. Okafor,110,116.7,279.8,5.0,56,70446,163.1,139.8,1
1756,Lost Kingdom,2008,Crime,Adventure,English,Japan,20th Century Studios,P. Dubois,129,54.8,146.6,5.5,50,83687,91.8,167.5,1
1732,Wild Redemption,2008,Adventure,Horror,Hindi,Australia,Universal Pictures,V. Petrov,134,78.9,979.5,7.2,74,8663,900.6,1141.4,1
1760,Final Echo,2008,Drama,Crime,English,UK,Warner Bros,N. Rossi,83,34.9,64.0,7.0,71,111337,29.1,83.4,0
1286,Forgotten Legacy,2008,Thriller,,English,India,Walt Disney Studios,J. Nolan,78,5.8,73.5,5.2,36,2699,67.7,1167.2,1
1070,Silent Echo,2008,Adventure,,English,UK,Warner Bros,L. Garcia,129,114.3,848.8,5.1,48,271987,734.5,642.6,1
1542,Shadow Echo,2008,Romance,Adventure,Korean,China,Warner Bros,E. Muller,139,19.8,40.1,4.5,37,61245,20.3,102.5,1
1689,Dark Horizon,2008,Adventure,,Spanish,Canada,20th Century Studios,L. Garcia,117,68.6,276.1,5.9,74,91660,207.5,302.5,1
1703,Eternal Journey,2008,Drama,Action,Hindi,USA,Legendary Pictures,R. Patel,115,30.5,24.6,5.7,68,10000,-5.9,-19.3,0
1641,Lost Storm,2008,Animation,Drama,Korean,Germany,Sony Pictures,E. Muller,124,85.0,346.7,6.8,62,142566,261.7,307.9,1
1683,Golden Kingdom,2008,Animation,,English,Germany,A24,H. Cho,133,26.6,53.0,6.2,62,8094,26.4,99.2,0
1654,Golden Requiem,2008,Adventure,Comedy,English,Germany,MGM,R. Patel,119,62.2,211.9,5.0,55,21230,149.7,240.7,1
1395,Wild Frontier,2008,Sci-Fi,Crime,English,South Korea,Universal Pictures,E. Muller,116,85.5,19.8,6.1,66,1778102,-65.7,-76.8,0
1415,Silent Legacy,2008,Sci-Fi,,English,Canada,Sony Pictures,L. Garcia,75,85.4,198.9,6.1,50,8101,113.5,132.9,1
1420,Golden Kingdom,2008,Romance,,Japanese,Canada,Lionsgate,V. Petrov,89,28.6,36.6,7.2,82,15901,8.0,28.0,0
1611,Last Redemption,2008,Animation,,Spanish,UK,Paramount,M. Chen,96,82.8,44.5,7.5,75,77795,-38.3,-46.3,0
1630,Crimson Whisper,2008,Thriller,Action,English,Canada,MGM,V. Petrov,114,14.2,40.6,8.1,83,26786,26.4,185.9,1
1545,Final Redemption,2008,Horror,Animation,English,Australia,Warner Bros,R. Patel,82,32.2,82.4,4.8,50,52271,50.2,155.9,1
1481,Silent Requiem,2008,Crime,Comedy,Hindi,Germany,Walt Disney Studios,N. Rossi,115,11.1,6.8,6.0,60,4015,-4.3,-38.7,0
1505,Wild Storm,2008,Action,,English,Germany,Warner Bros,J. Nolan,110,30.4,68.3,6.0,75,10096,37.9,124.7,1
1744,Crimson Vengeance,2008,Thriller,,French,Canada,20th Century Studios,T. Wilson,121,7.3,3.1,6.4,58,8913,-4.2,-57.5,0
1741,Last Requiem,2008,Comedy,,French,India,Warner Bros,M. Chen,89,41.0,57.5,7.7,72,9810,16.5,40.2,0
1575,Crimson Empire,2008,Thriller,Horror,English,South Korea,A24,P. Dubois,92,5.9,18.6,5.9,60,45214,12.7,215.3,1
1011,Final Echo,2008,Drama,Animation,English,India,Warner Bros,A. Sharma,87,34.4,248.0,6.2,61,32889,213.6,620.9,1
1531,Wild Requiem,2008,Thriller,Drama,Korean,Australia,Sony Pictures,E. Muller,129,44.8,966.0,5.9,53,33331,921.2,2056.3,1
1752,Rising Odyssey,2008,Crime,,English,South Korea,Walt Disney Studios,D. Okafor,139,10.0,93.8,5.1,63,28518,83.8,838.0,1
1773,Final Storm,2008,Thriller,Horror,Hindi,France,Paramount,A. Sharma,165,57.7,284.1,5.3,63,65464,226.4,392.4,1
1000,Dark Odyssey,2009,Drama,Thriller,English,USA,MGM,P. Dubois,98,23.0,92.4,7.1,63,33189,69.4,301.7,1
1014,Lost Requiem,2009,Drama,,Hindi,Canada,Lionsgate,R. Patel,110,30.1,45.1,6.4,73,14948,15.0,49.8,0
1316,Wild Empire,2009,Romance,,Chinese,China,Legendary Pictures,T. Wilson,99,7.8,5.4,6.1,47,8167,-2.4,-30.8,0
1293,Last Journey,2009,Action,Thriller,Hindi,USA,Warner Bros,A. Sharma,117,67.5,132.0,7.3,77,23507,64.5,95.6,0
1763,Hidden Requiem,2009,Thriller,,Hindi,Germany,MGM,M. Chen,124,53.2,69.0,7.2,75,11750,15.8,29.7,0
1694,Endless Frontier,2009,Horror,,Chinese,Japan,Legendary Pictures,K. Tanaka,129,6.3,18.9,4.1,44,252431,12.6,200.0,1
1706,Rising Empire,2009,Sci-Fi,Crime,English,France,MGM,K. Tanaka,107,104.3,1328.4,7.2,80,153936,1224.1,1173.6,1
1119,Hidden Echo,2009,Sci-Fi,Action,Chinese,UK,20th Century Studios,S. Kim,88,113.0,105.2,4.5,47,16584,-7.8,-6.9,0
1135,Crimson Whisper,2009,Drama,,French,Japan,Warner Bros,S. Kim,118,45.7,21.3,6.7,54,11021,-24.4,-53.4,0
1619,Broken Redemption,2009,Sci-Fi,Comedy,Hindi,France,MGM,M. Chen,75,33.3,70.2,8.1,74,91566,36.9,110.8,1
1249,Golden Kingdom,2009,Crime,Adventure,Hindi,Japan,20th Century Studios,B. Martinez,110,47.0,118.3,5.7,64,217593,71.3,151.7,1
1533,Silent Vengeance,2009,Drama,Horror,English,Germany,Legendary Pictures,J. Nolan,116,43.6,42.2,6.6,57,103291,-1.4,-3.2,0
1139,Rising Legacy,2009,Crime,Animation,Spanish,India,20th Century Studios,B. Martinez,116,13.6,35.3,7.3,77,1996,21.7,159.6,1
1352,Hidden Odyssey,2009,Horror,Animation,English,Germany,Universal Pictures,H. Cho,126,32.7,65.2,4.8,63,48576,32.5,99.4,0
1382,Lost Chronicles,2009,Action,,Chinese,Germany,Universal Pictures,B. Martinez,122,123.2,288.2,6.0,54,66245,165.0,133.9,1
1127,Broken Chronicles,2009,Animation,Sci-Fi,English,Germany,Lionsgate,P. Dubois,87,51.2,1333.1,7.8,80,99749,1281.9,2503.7,1
1560,Crimson Storm,2009,Comedy,,English,India,20th Century Studios,J. Nolan,105,5.2,17.2,5.1,55,156430,12.0,230.8,1
1549,Dark Whisper,2009,Crime,,French,China,Sony Pictures,A. Sharma,85,15.2,28.8,7.7,87,24284,13.6,89.5,0
1547,Dark Kingdom,2009,Comedy,Thriller,English,France,A24,P. Dubois,120,20.2,179.3,6.8,64,448400,159.1,787.6,1
1558,Lost Chronicles,2009,Crime,,English,China,20th Century Studios,K. Tanaka,128,36.9,59.7,5.9,68,204781,22.8,61.8,0
1592,Forgotten Kingdom,2009,Horror,Drama,Hindi,China,Lionsgate,S. Kim,107,6.1,19.6,7.3,72,12547,13.5,221.3,1
1408,Final Vengeance,2009,Drama,Romance,English,Japan,Sony Pictures,T. Wilson,101,41.5,39.4,7.7,70,4962,-2.1,-5.1,0
1605,Crimson Whisper,2009,Drama,,English,Australia,MGM,N. Rossi,105,46.5,165.7,5.4,56,292049,119.2,256.3,1
1386,Silent Odyssey,2009,Romance,Crime,English,Australia,Walt Disney Studios,J. Nolan,126,31.4,45.1,8.4,88,17514,13.7,43.6,0
1540,Dark Redemption,2009,Drama,Sci-Fi,Japanese,USA,20th Century Studios,M. Chen,102,30.0,133.7,7.7,81,56206,103.7,345.7,1
1254,Endless Odyssey,2009,Drama,Thriller,French,France,20th Century Studios,L. Garcia,140,6.3,16.2,8.5,98,93186,9.9,157.1,1
1471,Wild Chronicles,2009,Sci-Fi,Adventure,English,Canada,Lionsgate,D. Okafor,115,112.9,330.6,6.4,76,28182,217.7,192.8,1
1463,Broken Odyssey,2009,Crime,,Japanese,Canada,Legendary Pictures,T. Wilson,100,45.9,58.9,6.2,63,9903,13.0,28.3,0
1472,Shadow Echo,2009,Romance,,English,UK,Legendary Pictures,L. Garcia,103,28.5,203.2,7.8,73,39491,174.7,613.0,1
1491,Last Frontier,2009,Crime,,French,USA,Paramount,P. Dubois,102,23.9,43.7,7.2,76,77895,19.8,82.8,0
1239,Wild Vengeance,2009,Action,,English,Germany,MGM,B. Martinez,103,126.6,192.2,7.1,69,72064,65.6,51.8,0
1226,Wild Redemption,2009,Romance,Drama,English,China,A24,N. Rossi,95,17.9,15.2,7.4,78,17103,-2.7,-15.1,0
1495,Golden Frontier,2009,Drama,Action,Spanish,South Korea,Legendary Pictures,K. Tanaka,136,40.8,69.0,5.9,65,30871,28.2,69.1,0
1477,Wild Journey,2009,Crime,Sci-Fi,Japanese,South Korea,Universal Pictures,S. Kim,105,12.1,9.7,6.5,62,17331,-2.4,-19.8,0
1780,Last Odyssey,2009,Horror,Adventure,English,India,Legendary Pictures,E. Muller,104,31.1,119.0,6.4,59,105403,87.9,282.6,1
1049,Broken Journey,2009,Animation,Horror,English,Germany,Lionsgate,P. Dubois,145,22.8,223.9,7.0,88,1313304,201.1,882.0,1
1025,Lost Redemption,2009,Romance,,Chinese,USA,20th Century Studios,S. Kim,116,14.0,353.2,7.2,69,89067,339.2,2422.9,1
1775,Dark Redemption,2009,Thriller,Adventure,English,USA,Warner Bros,J. Nolan,136,40.0,178.4,5.6,50,260128,138.4,346.0,1
1779,Rising Journey,2009,Adventure,Romance,English,South Korea,MGM,S. Kim,118,120.1,141.7,8.3,83,19757,21.6,18.0,0
1159,Shadow Whisper,2010,Sci-Fi,Drama,English,Germany,Universal Pictures,L. Garcia,104,107.0,365.7,7.4,61,14269,258.7,241.8,1
1284,Lost Kingdom,2010,Horror,Adventure,English,France,20th Century Studios,R. Patel,123,32.8,38.4,4.4,48,51196,5.6,17.1,0
1100,Rising Odyssey,2010,Animation,,Japanese,France,Legendary Pictures,D. Okafor,130,86.1,49.8,6.5,73,26504,-36.3,-42.2,0
1564,Golden Frontier,2010,Comedy,Animation,Spanish,USA,Paramount,M. Chen,90,7.5,6.5,7.8,91,296606,-1.0,-13.3,0
1561,Dark Journey,2010,Horror,,English,Japan,20th Century Studios,A. Sharma,100,19.4,29.3,5.5,56,370819,9.9,51.0,0
1799,Golden Dawn,2010,Thriller,,English,Canada,20th Century Studios,E. Muller,140,7.9,195.7,6.8,74,14780,187.8,2377.2,1
1497,Wild Kingdom,2010,Drama,Thriller,Hindi,France,Warner Bros,L. Garcia,120,35.7,109.7,8.4,81,68324,74.0,207.3,1
1207,Endless Whisper,2010,Thriller,,Hindi,Australia,Warner Bros,K. Tanaka,96,63.4,316.1,5.3,48,10031,252.7,398.6,1
1475,Lost Dawn,2010,Romance,Adventure,English,USA,Walt Disney Studios,M. Chen,90,39.2,359.9,5.5,40,37219,320.7,818.1,1
1227,Silent Redemption,2010,Romance,,English,USA,20th Century Studios,V. Petrov,109,33.8,544.3,4.2,33,149741,510.5,1510.4,1
1185,Wild Vengeance,2010,Action,Horror,English,South Korea,Warner Bros,S. Kim,88,82.4,189.8,7.6,84,94718,107.4,130.3,1
1238,Eternal Redemption,2010,Romance,Sci-Fi,Japanese,Australia,MGM,P. Dubois,131,17.4,33.3,6.6,63,223145,15.9,91.4,0
1383,Eternal Requiem,2010,Horror,,English,Japan,20th Century Studios,K. Tanaka,116,17.2,7.8,5.4,53,52178,-9.4,-54.7,0
1413,Dark Dawn,2010,Horror,,Hindi,USA,Paramount,L. Garcia,120,11.4,16.3,7.3,77,11919,4.9,43.0,0
1397,Final Kingdom,2010,Adventure,,Korean,Canada,Universal Pictures,V. Petrov,95,94.0,396.0,6.0,43,17096,302.0,321.3,1
1606,Last Legacy,2010,Thriller,Comedy,English,USA,20th Century Studios,E. Muller,105,31.4,204.9,6.7,66,18574,173.5,552.5,1
1389,Wild Whisper,2010,Sci-Fi,Horror,English,UK,Universal Pictures,R. Patel,102,60.9,184.5,5.2,52,30009,123.6,203.0,1
1363,Last Vengeance,2010,Drama,,Chinese,Australia,Lionsgate,R. Patel,91,15.6,100.7,4.7,57,9872,85.1,545.5,1
1589,Shadow Empire,2010,Animation,,English,Australia,Lionsgate,N. Rossi,115,29.6,75.9,8.3,79,38767,46.3,156.4,1
1700,Final Kingdom,2010,Sci-Fi,,Spanish,China,Warner Bros,V. Petrov,88,76.6,530.3,6.6,64,11287,453.7,592.3,1
1134,Endless Storm,2010,Horror,Drama,Hindi,USA,20th Century Studios,K. Tanaka,97,31.8,279.6,5.9,58,145433,247.8,779.2,1
1343,Rising Dawn,2010,Action,,English,Australia,20th Century Studios,P. Dubois,98,121.2,254.1,6.4,66,32533,132.9,109.7,1
1719,Silent Empire,2010,Horror,,English,USA,20th Century Studios,H. Cho,127,25.1,14.7,7.2,71,9746,-10.4,-41.4,0
1608,Last Frontier,2010,Horror,Thriller,English,India,A24,A. Sharma,110,7.1,14.1,8.7,93,51880,7.0,98.6,0
1720,Forgotten Legacy,2010,Thriller,Action,Hindi,USA,Paramount,N. Rossi,125,38.3,233.8,5.3,40,7844,195.5,510.4,1
1010,Hidden Dawn,2010,Animation,,English,China,A24,A. Sharma,128,70.6,888.9,7.7,77,48448,818.3,1159.1,1
1772,Hidden Dawn,2010,Sci-Fi,,English,China,Warner Bros,B. Martinez,96,51.3,76.3,7.0,70,53078,25.0,48.7,0
1778,Lost Kingdom,2010,Drama,,Japanese,Germany,Paramount,V. Petrov,136,49.1,89.9,6.8,61,28773,40.8,83.1,0
1770,Dark Horizon,2010,Drama,Comedy,English,Japan,A24,H. Cho,135,12.7,8.1,6.5,58,933,-4.6,-36.2,0
1183,Final Vengeance,2010,Animation,Adventure,Japanese,Canada,Legendary Pictures,R. Patel,75,15.4,80.6,7.0,65,64864,65.2,423.4,1
1740,Forgotten Frontier,2010,Romance,Horror,Japanese,India,A24,D. Okafor,117,22.9,96.2,6.8,69,16298,73.3,320.1,1
1200,Eternal Frontier,2011,Crime,Animation,English,Australia,MGM,E. Muller,123,51.4,35.0,5.0,49,34584,-16.4,-31.9,0
1452,Lost Storm,2011,Sci-Fi,Animation,Chinese,Canada,Legendary Pictures,B. Martinez,173,43.5,89.7,4.6,49,12873,46.2,106.2,1
1247,Last Vengeance,2011,Action,Sci-Fi,Hindi,Japan,MGM,H. Cho,112,108.2,559.2,7.4,88,13208,451.0,416.8,1
1399,Eternal Frontier,2011,Crime,Romance,Chinese,Germany,Warner Bros,M. Chen,151,23.0,40.0,7.9,84,60520,17.0,73.9,0
1130,Broken Chronicles,2011,Adventure,Drama,English,France,MGM,L. Garcia,157,67.8,62.1,6.2,56,82674,-5.7,-8.4,0
1196,Silent Chronicles,2011,Drama,Crime,Chinese,India,MGM,H. Cho,154,30.7,206.6,6.3,62,127068,175.9,573.0,1
1381,Final Storm,2011,Comedy,Drama,English,Australia,Paramount,A. Sharma,125,37.9,101.4,3.4,32,124358,63.5,167.5,1
1597,Golden Echo,2011,Animation,,Korean,Germany,Universal Pictures,J. Nolan,135,104.0,452.5,6.7,67,161553,348.5,335.1,1
1612,Endless Horizon,2011,Thriller,Crime,Hindi,UK,Walt Disney Studios,H. Cho,108,22.3,63.8,5.4,69,75509,41.5,186.1,1
1599,Silent Redemption,2011,Adventure,Sci-Fi,English,Japan,Sony Pictures,B. Martinez,109,70.2,323.6,5.9,53,43490,253.4,361.0,1
1161,Golden Storm,2011,Romance,,Hindi,China,Walt Disney Studios,T. Wilson,86,35.5,101.1,7.1,75,34739,65.6,184.8,1
1569,Final Redemption,2011,Animation,,Japanese,Canada,20th Century Studios,B. Martinez,83,11.2,25.4,5.9,64,99566,14.2,126.8,1
1109,Lost Whisper,2011,Thriller,Animation,Chinese,UK,Universal Pictures,T. Wilson,139,60.2,241.5,8.8,71,416958,181.3,301.2,1
1272,Shadow Whisper,2011,Drama,,English,Australia,Warner Bros,A. Sharma,128,6.3,15.0,6.4,69,71107,8.7,138.1,1
1618,Final Kingdom,2011,Horror,Comedy,English,Japan,Paramount,N. Rossi,114,30.2,84.8,6.3,63,372129,54.6,180.8,1
1622,Dark Frontier,2011,Action,,English,Japan,20th Century Studios,H. Cho,127,29.2,10.7,6.8,74,26777,-18.5,-63.4,0
1633,Broken Horizon,2011,Thriller,Adventure,English,Canada,Paramount,P. Dubois,133,55.7,111.7,5.0,47,1194243,56.0,100.5,1
1264,Crimson Echo,2011,Crime,,Chinese,China,Universal Pictures,K. Tanaka,129,14.4,176.8,7.9,82,18018,162.4,1127.8,1
1697,Golden Storm,2011,Action,Sci-Fi,Japanese,China,Sony Pictures,L. Garcia,91,68.3,214.8,8.1,78,17688,146.5,214.5,1
1110,Rising Journey,2011,Animation,Sci-Fi,Hindi,China,Legendary Pictures,L. Garcia,119,71.7,537.1,4.9,54,5753,465.4,649.1,1
1055,Eternal Frontier,2011,Action,Horror,English,Japan,Walt Disney Studios,D. Okafor,92,54.4,69.2,5.7,56,11327,14.8,27.2,0
1739,Golden Journey,2011,Animation,,Spanish,China,A24,H. Cho,122,79.4,132.8,7.1,74,2442,53.4,67.3,0
1191,Rising Whisper,2011,Animation,Romance,Korean,Australia,Walt Disney Studios,T. Wilson,109,64.7,204.6,9.5,97,9054,139.9,216.2,1
1442,Golden Chronicles,2011,Sci-Fi,Thriller,English,Germany,Warner Bros,T. Wilson,136,93.1,165.3,6.8,70,10205,72.2,77.6,0
1212,Final Whisper,2011,Comedy,,English,Germany,A24,R. Patel,122,33.3,13.7,5.6,60,12002,-19.6,-58.9,0
1754,Broken Vengeance,2011,Adventure,,Hindi,South Korea,Universal Pictures,K. Tanaka,124,71.3,20.2,6.0,69,18578,-51.1,-71.7,0
1509,Silent Legacy,2011,Romance,Animation,English,China,Walt Disney Studios,N. Rossi,98,30.6,280.9,6.7,67,58027,250.3,818.0,1
1469,Last Echo,2011,Action,,Chinese,USA,Lionsgate,A. Sharma,136,50.0,145.1,5.7,56,33356,95.1,190.2,1
1511,Shadow Legacy,2011,Crime,Drama,English,Japan,Universal Pictures,L. Garcia,115,23.3,116.8,6.8,76,121685,93.5,401.3,1
1080,Broken Redemption,2011,Action,Comedy,Korean,China,A24,B. Martinez,75,126.6,170.9,8.6,99,33269,44.3,35.0,0
1567,Wild Requiem,2011,Thriller,,Chinese,USA,Walt Disney Studios,P. Dubois,164,41.7,121.5,5.4,59,190571,79.8,191.4,1
1240,Wild Horizon,2011,Crime,,French,Germany,Walt Disney Studios,D. Okafor,99,20.3,15.2,7.5,77,9163,-5.1,-25.1,0
1120,Final Empire,2011,Thriller,Comedy,English,UK,Walt Disney Studios,E. Muller,136,7.8,4.5,4.4,36,43695,-3.3,-42.3,0
1262,Rising Legacy,2011,Thriller,Drama,Hindi,Japan,Paramount,R. Patel,86,18.3,53.2,5.7,59,21498,34.9,190.7,1
1074,Final Redemption,2011,Comedy,Crime,English,China,Walt Disney Studios,P. Dubois,91,14.3,18.0,6.0,66,50676,3.7,25.9,0
1591,Endless Odyssey,2012,Adventure,,English,UK,Walt Disney Studios,V. Petrov,88,91.8,161.8,4.5,56,120482,70.0,76.3,0
1588,Endless Echo,2012,Crime,,Chinese,Australia,MGM,E. Muller,96,34.4,146.4,7.4,67,20437,112.0,325.6,1
1673,Broken Journey,2012,Drama,Comedy,English,South Korea,Lionsgate,D. Okafor,77,8.5,7.2,6.8,68,376583,-1.3,-15.3,0
1013,Lost Odyssey,2012,Comedy,Drama,Chinese,UK,Warner Bros,H. Cho,86,43.3,215.8,6.8,60,33847,172.5,398.4,1
1319,Eternal Redemption,2012,Comedy,,Korean,China,Lionsgate,T. Wilson,91,56.0,440.0,7.5,81,103136,384.0,685.7,1
1729,Forgotten Requiem,2012,Action,Crime,Hindi,India,Paramount,N. Rossi,94,112.8,1027.3,7.8,83,17617,914.5,810.7,1
1541,Endless Dawn,2012,Drama,,French,China,Warner Bros,K. Tanaka,116,36.1,168.4,5.8,57,4491,132.3,366.5,1
1530,Silent Odyssey,2012,Horror,Adventure,French,USA,Walt Disney Studios,K. Tanaka,115,35.0,52.7,8.1,95,5331,17.7,50.6,0
1245,Hidden Kingdom,2012,Thriller,Adventure,Spanish,Canada,Paramount,T. Wilson,152,7.4,20.6,7.0,79,6821,13.2,178.4,1
1398,Forgotten Empire,2012,Action,Drama,English,Japan,Warner Bros,P. Dubois,76,124.9,569.9,7.2,59,5243,445.0,356.3,1
1734,Silent Whisper,2012,Drama,Adventure,English,China,Paramount,P. Dubois,102,15.4,8.1,7.1,71,199924,-7.3,-47.4,0
1309,Endless Dawn,2012,Action,Drama,English,China,Paramount,L. Garcia,142,33.6,274.7,5.1,50,39516,241.1,717.6,1
1326,Eternal Requiem,2012,Romance,,English,USA,Warner Bros,N. Rossi,119,28.6,68.6,9.0,99,99867,40.0,139.9,1
1702,Golden Legacy,2012,Comedy,,English,India,Paramount,K. Tanaka,131,21.1,150.5,7.7,76,101893,129.4,613.3,1
1314,Dark Vengeance,2012,Romance,Adventure,Spanish,USA,Universal Pictures,H. Cho,109,36.1,37.8,7.3,70,3893,1.7,4.7,0
1338,Golden Requiem,2012,Thriller,,French,Japan,Legendary Pictures,D. Okafor,124,61.7,55.9,5.6,81,377,-5.8,-9.4,0
1682,Final Whisper,2012,Sci-Fi,Adventure,Hindi,Canada,Lionsgate,D. Okafor,126,35.2,62.6,5.2,46,347162,27.4,77.8,0
1376,Wild Chronicles,2012,Adventure,,English,Germany,Paramount,J. Nolan,90,49.7,301.3,6.9,72,40638,251.6,506.2,1
1356,Eternal Redemption,2012,Action,Romance,English,Germany,Lionsgate,A. Sharma,102,92.8,695.7,7.1,85,60149,602.9,649.7,1
1578,Broken Redemption,2012,Sci-Fi,Crime,Spanish,South Korea,Sony Pictures,B. Martinez,144,91.8,65.6,8.2,84,12234,-26.2,-28.5,0
1164,Dark Redemption,2012,Romance,Horror,English,UK,Warner Bros,A. Sharma,114,21.8,34.9,5.1,53,69667,13.1,60.1,0
1158,Lost Whisper,2012,Action,,Hindi,China,Legendary Pictures,K. Tanaka,121,85.6,250.6,8.9,87,13787,165.0,192.8,1
1165,Wild Redemption,2012,Adventure,Horror,English,South Korea,Paramount,P. Dubois,144,22.6,36.6,7.4,87,133117,14.0,61.9,0
1496,Broken Requiem,2012,Adventure,Drama,English,India,A24,V. Petrov,107,53.9,1262.1,6.3,51,29877,1208.2,2241.6,1
1043,Hidden Legacy,2012,Action,Adventure,Korean,China,A24,S. Kim,98,62.0,178.6,5.9,64,9804,116.6,188.1,1
1059,Golden Dawn,2012,Comedy,Horror,English,Australia,Walt Disney Studios,E. Muller,87,14.1,122.3,8.3,90,147818,108.2,767.4,1
1660,Hidden Chronicles,2012,Animation,Sci-Fi,English,South Korea,Legendary Pictures,V. Petrov,141,29.7,93.3,7.3,66,33393,63.6,214.1,1
1626,Shadow Empire,2012,Romance,Action,English,France,Walt Disney Studios,N. Rossi,100,36.6,173.0,6.0,74,3029,136.4,372.7,1
1296,Last Kingdom,2012,Thriller,Romance,Hindi,Australia,Sony Pictures,A. Sharma,126,46.5,115.1,6.3,56,57688,68.6,147.5,1
1748,Endless Kingdom,2012,Drama,Action,Japanese,Japan,MGM,A. Sharma,114,8.6,25.8,7.0,70,133779,17.2,200.0,1
1774,Final Frontier,2012,Animation,Action,Chinese,Canada,Paramount,S. Kim,98,84.4,796.4,5.4,64,174507,712.0,843.6,1
1429,Dark Vengeance,2012,Action,,Japanese,China,Legendary Pictures,A. Sharma,152,22.6,37.8,7.0,74,40984,15.2,67.3,0
1428,Broken Storm,2012,Drama,,Chinese,Germany,Walt Disney Studios,T. Wilson,125,15.2,21.2,7.9,77,31136,6.0,39.5,0
1177,Shadow Frontier,2012,Animation,Crime,English,China,Walt Disney Studios,P. Dubois,88,12.2,18.7,7.3,70,62419,6.5,53.3,0
1179,Wild Empire,2012,Crime,Sci-Fi,Chinese,Canada,Universal Pictures,E. Muller,117,60.8,322.1,6.4,82,11873,261.3,429.8,1
1033,Broken Vengeance,2012,Animation,,Hindi,USA,20th Century Studios,J. Nolan,115,95.0,217.4,6.1,56,81153,122.4,128.8,1
1796,Rising Dawn,2012,Action,Horror,English,Germany,Sony Pictures,J. Nolan,89,80.0,219.7,8.3,83,53392,139.7,174.6,1
1786,Last Frontier,2012,Sci-Fi,,Hindi,Australia,Paramount,H. Cho,123,14.0,76.3,6.7,60,3250,62.3,445.0,1
1023,Golden Dawn,2012,Sci-Fi,Romance,Chinese,China,Walt Disney Studios,P. Dubois,76,34.8,125.1,6.4,56,2576,90.3,259.5,1
1489,Endless Vengeance,2012,Drama,Sci-Fi,Korean,China,Paramount,K. Tanaka,136,51.3,272.3,6.3,60,13437,221.0,430.8,1
1060,Rising Kingdom,2012,Adventure,,French,Japan,Paramount,H. Cho,89,55.4,174.4,6.3,60,77142,119.0,214.8,1
1705,Eternal Storm,2013,Comedy,,Japanese,India,Warner Bros,R. Patel,144,51.7,31.7,6.7,54,5260,-20.0,-38.7,0
1111,Shadow Legacy,2013,Adventure,Horror,English,France,Warner Bros,E. Muller,125,25.7,8.1,6.3,64,30905,-17.6,-68.5,0
1282,Final Frontier,2013,Horror,Romance,Japanese,France,Walt Disney Studios,D. Okafor,131,22.4,99.5,5.0,45,35487,77.1,344.2,1
1348,Silent Journey,2013,Adventure,Romance,Korean,India,Warner Bros,B. Martinez,86,88.5,281.2,4.5,54,9258,192.7,217.7,1
1276,Forgotten Empire,2013,Thriller,Adventure,English,UK,Legendary Pictures,R. Patel,114,14.8,103.0,8.5,81,70478,88.2,595.9,1
1280,Eternal Journey,2013,Crime,Drama,Spanish,UK,Warner Bros,H. Cho,105,40.8,159.0,6.7,57,10169,118.2,289.7,1
1639,Shadow Dawn,2013,Animation,,Japanese,China,A24,T. Wilson,104,95.7,154.4,6.1,44,21250,58.7,61.3,0
1659,Rising Redemption,2013,Romance,Adventure,Japanese,South Korea,MGM,V. Petrov,130,13.9,16.2,7.0,62,5367,2.3,16.5,0
1242,Dark Kingdom,2013,Sci-Fi,Horror,English,UK,20th Century Studios,V. Petrov,118,116.1,40.4,5.7,50,36195,-75.7,-65.2,0
1367,Silent Whisper,2013,Comedy,,English,India,Paramount,B. Martinez,122,19.5,89.0,6.3,61,25250,69.5,356.4,1
1603,Endless Whisper,2013,Drama,Sci-Fi,Hindi,Canada,A24,V. Petrov,118,6.6,54.3,5.1,44,26204,47.7,722.7,1
1708,Shadow Dawn,2013,Thriller,,Hindi,UK,Paramount,S. Kim,81,5.8,6.2,9.3,81,336885,0.4,6.9,0
1687,Dark Whisper,2013,Sci-Fi,Drama,French,USA,Warner Bros,E. Muller,98,82.2,121.2,4.1,41,191699,39.0,47.4,0
1674,Hidden Redemption,2013,Horror,Crime,English,UK,Paramount,J. Nolan,131,13.3,17.9,7.1,73,48242,4.6,34.6,0
1051,Broken Whisper,2013,Crime,Romance,English,Canada,Paramount,A. Sharma,103,18.8,14.1,5.3,54,25990,-4.7,-25.0,0
1637,Lost Dawn,2013,Sci-Fi,Comedy,Chinese,France,Lionsgate,V. Petrov,94,85.4,58.4,7.1,74,2025,-27.0,-31.6,0
1662,Crimson Empire,2013,Sci-Fi,,English,France,20th Century Studios,A. Sharma,140,14.8,18.4,6.5,74,81684,3.6,24.3,0
1131,Wild Redemption,2013,Thriller,,Hindi,UK,20th Century Studios,J. Nolan,121,30.6,45.9,6.0,54,16178,15.3,50.0,0
1627,Endless Frontier,2013,Horror,,Spanish,Germany,Sony Pictures,A. Sharma,128,7.5,4.7,9.5,99,37042,-2.8,-37.3,0
1750,Dark Horizon,2013,Adventure,,English,USA,A24,J. Nolan,118,76.7,32.9,5.5,46,3386,-43.8,-57.1,0
1506,Forgotten Redemption,2013,Action,,English,Japan,A24,L. Garcia,136,118.4,646.0,5.0,53,65706,527.6,445.6,1
1473,Rising Echo,2013,Drama,Animation,English,UK,Walt Disney Studios,S. Kim,118,14.9,20.5,7.7,63,21123,5.6,37.6,0
1204,Endless Dawn,2013,Thriller,,English,Canada,Sony Pictures,P. Dubois,107,7.9,8.7,6.9,92,43700,0.8,10.1,0
1753,Golden Whisper,2013,Horror,Thriller,French,Australia,Paramount,L. Garcia,121,10.1,10.5,6.0,62,52350,0.4,4.0,0
1460,Rising Requiem,2013,Adventure,,English,China,Sony Pictures,B. Martinez,87,58.7,291.3,5.3,51,19496,232.6,396.3,1
1216,Shadow Dawn,2013,Thriller,,Hindi,France,Sony Pictures,V. Petrov,131,67.4,128.0,6.7,64,6786,60.6,89.9,0
1225,Final Kingdom,2013,Comedy,Crime,English,USA,Sony Pictures,T. Wilson,115,51.4,30.4,6.3,44,29425,-21.0,-40.9,0
1205,Dark Vengeance,2013,Horror,Drama,English,UK,Sony Pictures,J. Nolan,122,28.8,72.9,7.5,82,21661,44.1,153.1,1
1513,Eternal Kingdom,2014,Drama,,Hindi,South Korea,Sony Pictures,N. Rossi,143,21.5,22.0,6.7,62,116084,0.5,2.3,0
1631,Final Redemption,2014,Drama,Horror,English,Germany,Lionsgate,J. Nolan,85,17.8,16.0,8.2,85,15741,-1.8,-10.1,0
1076,Hidden Storm,2014,Romance,,Japanese,UK,Sony Pictures,J. Nolan,126,10.3,9.4,5.5,71,8291,-0.9,-8.7,0
1524,Hidden Chronicles,2014,Comedy,Sci-Fi,English,Japan,Warner Bros,A. Sharma,92,44.8,116.2,6.1,68,11382,71.4,159.4,1
1401,Forgotten Redemption,2014,Thriller,Drama,French,India,Legendary Pictures,R. Patel,130,56.3,188.8,6.9,73,13144,132.5,235.3,1
1406,Shadow Redemption,2014,Thriller,,English,France,Legendary Pictures,S. Kim,133,31.8,106.8,5.9,69,6522,75.0,235.8,1
1365,Crimson Requiem,2014,Horror,Comedy,Hindi,South Korea,Walt Disney Studios,A. Sharma,118,13.4,92.2,6.4,56,29289,78.8,588.1,1
1584,Golden Journey,2014,Adventure,Drama,English,USA,MGM,E. Muller,97,75.5,16.0,5.9,65,13794,-59.5,-78.8,0
1142,Shadow Storm,2014,Horror,Drama,English,France,Warner Bros,T. Wilson,82,25.5,132.2,6.8,60,134009,106.7,418.4,1
1144,Forgotten Empire,2014,Adventure,Crime,Chinese,USA,Legendary Pictures,M. Chen,130,11.8,30.6,5.2,48,162487,18.8,159.3,1
1124,Dark Horizon,2014,Comedy,,Chinese,USA,MGM,J. Nolan,106,31.6,60.2,6.1,54,62198,28.6,90.5,0
1257,Golden Vengeance,2014,Action,,English,India,Sony Pictures,B. Martinez,107,34.3,192.0,5.6,68,49798,157.7,459.8,1
1304,Hidden Whisper,2014,Adventure,,English,India,Warner Bros,B. Martinez,89,37.1,92.6,6.6,50,103758,55.5,149.6,1
1724,Golden Dawn,2014,Thriller,Drama,Chinese,UK,Sony Pictures,N. Rossi,155,57.4,71.0,8.1,79,471217,13.6,23.7,0
1012,Broken Redemption,2014,Adventure,Sci-Fi,English,Germany,Universal Pictures,A. Sharma,123,16.3,15.4,5.8,64,12725,-0.9,-5.5,0
1704,Dark Horizon,2014,Comedy,Action,French,China,Sony Pictures,N. Rossi,110,28.6,44.7,6.1,53,12667,16.1,56.3,0
1670,Last Legacy,2014,Drama,Adventure,English,Canada,A24,J. Nolan,123,27.9,90.4,6.0,72,213709,62.5,224.0,1
1184,Dark Odyssey,2014,Thriller,Action,English,USA,MGM,E. Muller,86,53.7,98.2,4.6,64,290104,44.5,82.9,0
1738,Eternal Horizon,2014,Crime,Adventure,English,South Korea,A24,P. Dubois,113,32.1,127.4,5.6,40,16045,95.3,296.9,1
1017,Eternal Legacy,2014,Adventure,Comedy,Hindi,Japan,MGM,J. Nolan,118,109.5,265.4,6.1,59,56659,155.9,142.4,1
1462,Broken Journey,2014,Drama,Thriller,English,India,Walt Disney Studios,E. Muller,97,39.4,85.7,3.7,16,12861,46.3,117.5,1
1221,Shadow Redemption,2014,Crime,,English,South Korea,Legendary Pictures,K. Tanaka,94,24.9,38.1,4.1,49,644755,13.2,53.0,0
1439,Eternal Odyssey,2014,Crime,Adventure,Japanese,South Korea,MGM,M. Chen,100,8.3,6.8,6.9,80,21707,-1.5,-18.1,0
1173,Eternal Chronicles,2014,Adventure,Thriller,English,South Korea,A24,P. Dubois,110,80.9,144.4,6.9,73,321917,63.5,78.5,0
1421,Final Chronicles,2014,Drama,,Spanish,UK,Warner Bros,P. Dubois,93,18.0,11.9,6.8,73,256481,-6.1,-33.9,0
1494,Silent Whisper,2014,Crime,,English,Australia,Paramount,P. Dubois,134,61.2,146.5,5.7,52,3800,85.3,139.4,1
1792,Rising Kingdom,2015,Drama,,English,India,Paramount,B. Martinez,130,8.3,17.7,7.8,71,29031,9.4,113.3,1
1046,Rising Storm,2015,Thriller,,English,Germany,Sony Pictures,L. Garcia,117,63.2,307.0,5.6,48,62420,243.8,385.8,1
1223,Shadow Echo,2015,Drama,Romance,French,Germany,Warner Bros,L. Garcia,140,27.0,46.8,8.5,89,148381,19.8,73.3,0
1001,Crimson Legacy,2015,Action,Comedy,English,Germany,A24,P. Dubois,157,48.2,448.8,9.3,84,56667,400.6,831.1,1
1484,Crimson Kingdom,2015,Horror,,English,USA,20th Century Studios,S. Kim,105,36.6,50.1,5.5,51,63930,13.5,36.9,0
1467,Broken Horizon,2015,Horror,Action,English,Germany,Paramount,K. Tanaka,161,9.0,5.5,7.5,64,12984,-3.5,-38.9,0
1465,Endless Vengeance,2015,Action,Crime,Hindi,Canada,Universal Pictures,E. Muller,122,136.2,957.9,5.5,55,204153,821.7,603.3,1
1459,Shadow Journey,2015,Thriller,Comedy,English,Canada,A24,N. Rossi,160,18.6,140.4,5.4,57,23973,121.8,654.8,1
1510,Forgotten Horizon,2015,Romance,,English,Canada,Universal Pictures,T. Wilson,145,45.4,123.6,7.5,68,26393,78.2,172.2,1
1206,Final Whisper,2015,Thriller,Crime,Korean,Germany,Paramount,K. Tanaka,75,21.0,50.6,5.4,61,77017,29.6,141.0,1
1334,Eternal Odyssey,2015,Animation,Adventure,Spanish,France,Sony Pictures,D. Okafor,97,70.6,177.4,5.3,40,6300,106.8,151.3,1
1538,Forgotten Horizon,2015,Crime,Horror,English,France,MGM,M. Chen,88,32.8,18.8,7.1,71,352488,-14.0,-42.7,0
1679,Last Echo,2015,Horror,Drama,Hindi,China,MGM,S. Kim,145,31.1,33.0,6.1,63,130705,1.9,6.1,0
1677,Lost Storm,2015,Adventure,Horror,Hindi,Australia,Walt Disney Studios,P. Dubois,132,17.5,31.9,8.0,78,25747,14.4,82.3,0
1678,Rising Odyssey,2015,Animation,Thriller,Spanish,France,Warner Bros,P. Dubois,106,12.7,27.0,6.1,73,229529,14.3,112.6,1
1320,Wild Legacy,2015,Action,Crime,Spanish,Japan,20th Century Studios,R. Patel,120,63.0,566.3,7.8,90,30896,503.3,798.9,1
1437,Lost Kingdom,2015,Sci-Fi,Action,Hindi,USA,MGM,M. Chen,81,44.6,15.7,7.6,76,39106,-28.9,-64.8,0
1440,Broken Chronicles,2015,Animation,Action,English,Australia,Universal Pictures,S. Kim,75,27.9,63.5,6.7,72,60238,35.6,127.6,1
1170,Shadow Dawn,2015,Horror,,English,Australia,Warner Bros,D. Okafor,129,22.8,38.0,6.0,66,107927,15.2,66.7,0
1476,Lost Echo,2015,Animation,Action,English,USA,Legendary Pictures,L. Garcia,143,92.4,467.9,6.7,57,22001,375.5,406.4,1
1445,Broken Chronicles,2015,Thriller,,Korean,Japan,MGM,H. Cho,80,30.7,34.6,6.4,66,139743,3.9,12.7,0
1210,Crimson Storm,2015,Action,Drama,Hindi,Germany,Warner Bros,L. Garcia,105,73.8,157.7,6.8,70,303566,83.9,113.7,1
1776,Endless Vengeance,2015,Drama,Sci-Fi,Hindi,China,Warner Bros,L. Garcia,119,42.9,59.0,7.2,75,33166,16.1,37.5,0
1077,Crimson Kingdom,2015,Animation,,Chinese,Canada,Legendary Pictures,P. Dubois,102,76.3,773.0,6.0,61,50043,696.7,913.1,1
1595,Shadow Storm,2015,Adventure,Thriller,English,Germany,Warner Bros,R. Patel,108,17.5,34.3,6.1,58,109488,16.8,96.0,0
1607,Shadow Whisper,2015,Drama,,English,USA,20th Century Studios,M. Chen,125,42.3,72.2,6.3,51,104288,29.9,70.7,0
1412,Lost Horizon,2015,Comedy,Sci-Fi,English,USA,Legendary Pictures,A. Sharma,77,58.6,90.8,5.4,59,99795,32.2,54.9,0
1409,Crimson Storm,2015,Sci-Fi,Animation,Chinese,South Korea,Universal Pictures,S. Kim,91,95.0,70.5,7.9,68,21363,-24.5,-25.8,0
1241,Lost Empire,2015,Drama,Crime,Japanese,France,MGM,D. Okafor,111,32.8,60.2,7.4,69,17692,27.4,83.5,0
1369,Endless Vengeance,2015,Action,,French,Canada,Warner Bros,L. Garcia,132,66.2,137.3,6.1,69,505323,71.1,107.4,1
1105,Eternal Legacy,2015,Crime,Action,Hindi,China,MGM,H. Cho,117,60.5,289.4,7.7,84,17470,228.9,378.3,1
1266,Golden Echo,2015,Horror,,English,Canada,A24,S. Kim,122,21.7,132.6,5.8,54,19245,110.9,511.1,1
1065,Endless Redemption,2015,Action,Comedy,English,Australia,Lionsgate,T. Wilson,120,95.0,89.6,7.3,61,79537,-5.4,-5.7,0
1582,Shadow Redemption,2015,Animation,,English,France,20th Century Studios,T. Wilson,133,94.3,238.0,5.3,42,14243,143.7,152.4,1
1787,Golden Echo,2015,Crime,,Chinese,Canada,20th Century Studios,A. Sharma,98,68.3,112.0,5.9,65,398075,43.7,64.0,0
1730,Final Vengeance,2015,Action,,English,South Korea,Walt Disney Studios,V. Petrov,141,81.9,212.4,8.5,99,25664,130.5,159.3,1
1288,Broken Storm,2015,Animation,Crime,Spanish,India,A24,A. Sharma,108,40.4,197.7,7.1,67,41619,157.3,389.4,1
1294,Lost Redemption,2015,Adventure,,Japanese,South Korea,Paramount,V. Petrov,89,89.5,1067.4,7.2,69,38411,977.9,1092.6,1
1733,Silent Whisper,2015,Sci-Fi,Drama,Japanese,USA,20th Century Studios,P. Dubois,98,78.9,268.0,6.4,59,22035,189.1,239.7,1
1680,Eternal Empire,2016,Adventure,Romance,Korean,France,Warner Bros,R. Patel,111,129.4,169.0,7.1,72,177214,39.6,30.6,0
1219,Crimson Requiem,2016,Romance,Drama,English,Australia,Sony Pictures,V. Petrov,95,47.0,543.3,6.0,57,6685,496.3,1056.0,1
1764,Eternal Requiem,2016,Comedy,,Spanish,Australia,Warner Bros,L. Garcia,118,54.2,323.0,8.6,94,281097,268.8,495.9,1
1761,Silent Chronicles,2016,Adventure,Animation,English,France,Sony Pictures,D. Okafor,119,27.5,188.2,5.9,40,121178,160.7,584.4,1
1373,Silent Frontier,2016,Horror,Romance,English,Japan,A24,D. Okafor,138,14.1,17.5,5.4,71,8495,3.4,24.1,0
1518,Final Whisper,2016,Animation,Comedy,Spanish,China,A24,H. Cho,134,19.9,37.8,5.2,50,54342,17.9,89.9,0
1351,Broken Chronicles,2016,Drama,Horror,English,India,A24,V. Petrov,158,46.5,25.2,4.1,38,129911,-21.3,-45.8,0
1675,Hidden Kingdom,2016,Sci-Fi,Action,English,India,Legendary Pictures,R. Patel,153,91.5,273.3,6.3,65,174776,181.8,198.7,1
1129,Crimson Echo,2016,Adventure,Drama,Chinese,Australia,Paramount,B. Martinez,122,119.9,89.0,7.5,76,79000,-30.9,-25.8,0
1330,Broken Legacy,2016,Drama,,Korean,India,20th Century Studios,P. Dubois,75,22.9,113.1,6.2,58,2080,90.2,393.9,1
1137,Hidden Whisper,2016,Sci-Fi,Animation,English,USA,A24,N. Rossi,79,27.2,70.0,6.5,56,23695,42.8,157.4,1
1430,Last Echo,2016,Adventure,,Spanish,Germany,MGM,A. Sharma,90,80.2,57.8,6.4,66,42514,-22.4,-27.9,0
1169,Forgotten Requiem,2016,Thriller,,Hindi,Japan,Warner Bros,A. Sharma,143,50.6,110.5,7.8,92,5796,59.9,118.4,1
1646,Wild Odyssey,2016,Sci-Fi,,Chinese,France,Lionsgate,R. Patel,140,85.6,315.8,6.4,68,149694,230.2,268.9,1
1004,Rising Horizon,2016,Sci-Fi,Animation,Chinese,Canada,Legendary Pictures,L. Garcia,107,69.2,181.9,5.1,55,32820,112.7,162.9,1
1090,Forgotten Legacy,2016,Thriller,,English,USA,Lionsgate,S. Kim,132,29.7,107.2,7.5,67,134253,77.5,260.9,1
1050,Golden Vengeance,2016,Animation,Drama,Hindi,USA,Legendary Pictures,K. Tanaka,127,82.8,296.9,5.8,54,399574,214.1,258.6,1
1203,Endless Requiem,2016,Crime,Animation,English,USA,Warner Bros,T. Wilson,139,23.0,29.5,7.2,68,171311,6.5,28.3,0
1507,Endless Odyssey,2016,Sci-Fi,,English,South Korea,A24,T. Wilson,122,115.0,608.5,7.0,64,6103,493.5,429.1,1
1486,Broken Chronicles,2016,Drama,Sci-Fi,Korean,China,Sony Pictures,K. Tanaka,127,14.3,39.2,4.3,39,9483,24.9,174.1,1
1742,Golden Odyssey,2016,Animation,Sci-Fi,English,China,Sony Pictures,L. Garcia,109,72.3,64.1,6.1,63,86579,-8.2,-11.3,0
1771,Eternal Legacy,2016,Animation,Crime,Spanish,UK,MGM,R. Patel,122,61.9,478.5,6.9,64,3692,416.6,673.0,1
1016,Last Journey,2016,Thriller,,Chinese,USA,Universal Pictures,V. Petrov,95,46.8,239.7,6.6,68,165168,192.9,412.2,1
1707,Last Odyssey,2016,Drama,Adventure,Spanish,South Korea,Legendary Pictures,K. Tanaka,161,31.3,26.8,6.4,68,197770,-4.5,-14.4,0
1723,Dark Empire,2016,Sci-Fi,,English,Germany,A24,V. Petrov,79,43.8,62.9,5.0,51,15208,19.1,43.6,0
1617,Final Odyssey,2016,Action,,English,UK,Lionsgate,M. Chen,130,88.7,377.8,7.3,63,97493,289.1,325.9,1
1649,Lost Echo,2016,Crime,,English,Germany,20th Century Studios,H. Cho,122,20.9,39.9,7.0,66,67733,19.0,90.9,0
1636,Lost Odyssey,2016,Animation,,English,China,Paramount,R. Patel,75,87.7,193.0,5.1,53,42737,105.3,120.1,1
1565,Eternal Echo,2016,Romance,Comedy,French,France,Universal Pictures,J. Nolan,113,24.4,19.9,5.5,49,34274,-4.5,-18.4,0
1366,Wild Horizon,2016,Horror,,Japanese,UK,Lionsgate,E. Muller,98,21.2,37.3,7.6,66,74273,16.1,75.9,0
1380,Endless Chronicles,2016,Action,Animation,Japanese,UK,Warner Bros,A. Sharma,108,41.1,57.7,8.4,66,78257,16.6,40.4,0
1064,Golden Requiem,2016,Adventure,Romance,Hindi,China,Lionsgate,M. Chen,84,133.5,57.7,7.5,76,80452,-75.8,-56.8,0
1040,Silent Vengeance,2016,Romance,,English,Canada,Paramount,D. Okafor,142,35.5,70.6,7.0,52,52481,35.1,98.9,0
1035,Eternal Odyssey,2016,Horror,Sci-Fi,Hindi,Canada,Legendary Pictures,K. Tanaka,105,24.9,223.3,5.6,54,12121,198.4,796.8,1
1038,Endless Redemption,2016,Romance,,English,Australia,Warner Bros,R. Patel,112,13.4,66.1,5.7,65,52008,52.7,393.3,1
1044,Dark Whisper,2016,Sci-Fi,,French,China,Warner Bros,H. Cho,131,36.0,28.0,5.9,73,51519,-8.0,-22.2,0
1005,Rising Dawn,2016,Animation,Thriller,English,France,Warner Bros,E. Muller,113,47.4,58.3,4.7,61,19968,10.9,23.0,0
1610,Golden Chronicles,2017,Action,Drama,French,South Korea,20th Century Studios,L. Garcia,113,62.1,46.3,6.0,61,39869,-15.8,-25.4,0
1580,Wild Journey,2017,Action,,Hindi,China,MGM,K. Tanaka,94,89.6,66.7,6.6,60,5400,-22.9,-25.6,0
1355,Endless Requiem,2017,Action,,Hindi,UK,Walt Disney Studios,P. Dubois,139,64.4,421.0,5.6,52,32238,356.6,553.7,1
1118,Last Kingdom,2017,Sci-Fi,Crime,Chinese,Germany,Legendary Pictures,K. Tanaka,169,18.2,19.2,7.7,71,107827,1.0,5.5,0
1335,Shadow Requiem,2017,Comedy,,French,France,20th Century Studios,B. Martinez,124,55.6,597.5,5.6,63,141797,541.9,974.6,1
1470,Endless Whisper,2017,Sci-Fi,,Chinese,India,20th Century Studios,H. Cho,118,22.1,173.3,6.5,60,11046,151.2,684.2,1
1186,Crimson Redemption,2017,Drama,,French,China,20th Century Studios,H. Cho,169,28.1,76.8,7.7,73,64126,48.7,173.3,1
1089,Shadow Dawn,2017,Sci-Fi,,Korean,China,Walt Disney Studios,T. Wilson,92,19.4,45.8,7.5,79,17978,26.4,136.1,1
1681,Crimson Whisper,2017,Drama,,French,France,Lionsgate,R. Patel,128,11.5,18.0,6.9,76,66094,6.5,56.5,0
1527,Dark Empire,2017,Animation,Comedy,Chinese,India,Lionsgate,E. Muller,122,119.9,332.9,6.7,64,44329,213.0,177.6,1
1751,Silent Requiem,2017,Comedy,,Spanish,South Korea,Paramount,R. Patel,106,51.7,171.9,7.7,80,74034,120.2,232.5,1
1317,Silent Chronicles,2017,Romance,Drama,Spanish,South Korea,A24,K. Tanaka,100,12.8,199.6,9.1,99,133242,186.8,1459.4,1
1295,Final Whisper,2017,Romance,Animation,Spanish,USA,20th Century Studios,J. Nolan,130,15.7,36.0,5.2,44,54618,20.3,129.3,1
1121,Wild Odyssey,2017,Crime,Drama,English,India,MGM,H. Cho,78,66.5,268.1,6.5,67,19666,201.6,303.2,1
1107,Broken Legacy,2017,Thriller,Horror,Japanese,Australia,A24,D. Okafor,122,55.2,113.4,6.0,53,317028,58.2,105.4,1
1794,Broken Horizon,2017,Action,Sci-Fi,English,USA,20th Century Studios,H. Cho,115,102.6,557.2,7.0,55,504609,454.6,443.1,1
1213,Lost Journey,2017,Drama,Action,Hindi,Canada,Legendary Pictures,A. Sharma,88,30.2,82.4,6.6,68,45189,52.2,172.8,1
1009,Golden Journey,2017,Adventure,Action,Korean,India,Universal Pictures,T. Wilson,110,130.8,131.1,6.4,77,5401,0.3,0.2,0
1358,Last Horizon,2017,Romance,Comedy,English,China,Walt Disney Studios,V. Petrov,144,35.2,31.3,6.2,69,39843,-3.9,-11.1,0
1232,Broken Chronicles,2017,Romance,Sci-Fi,Hindi,India,Paramount,B. Martinez,110,20.2,27.5,4.7,53,22607,7.3,36.1,0
1301,Golden Dawn,2017,Horror,,Chinese,France,Paramount,N. Rossi,86,28.2,521.5,7.0,84,35721,493.3,1749.3,1
1307,Endless Odyssey,2017,Horror,Action,English,Japan,20th Century Studios,N. Rossi,112,12.0,11.5,7.2,69,12637,-0.5,-4.2,0
1289,Eternal Odyssey,2017,Crime,,Hindi,Japan,Walt Disney Studios,R. Patel,96,12.7,7.7,6.8,73,149881,-5.0,-39.4,0
1101,Lost Horizon,2017,Thriller,Animation,Hindi,India,Sony Pictures,S. Kim,93,23.0,14.1,6.5,64,30300,-8.9,-38.7,0
1392,Final Legacy,2017,Drama,,French,Germany,Warner Bros,S. Kim,112,52.0,42.4,8.5,76,115458,-9.6,-18.5,0
1604,Wild Vengeance,2017,Drama,Adventure,Korean,Australia,Paramount,K. Tanaka,110,42.4,309.6,7.2,75,23550,267.2,630.2,1
1385,Silent Odyssey,2017,Animation,,Hindi,China,A24,N. Rossi,102,55.3,60.2,6.0,60,11806,4.9,8.9,0
1693,Hidden Journey,2018,Adventure,Thriller,Chinese,South Korea,A24,H. Cho,146,77.3,73.3,7.2,76,268258,-4.0,-5.2,0
1645,Rising Odyssey,2018,Sci-Fi,,English,Australia,Sony Pictures,K. Tanaka,97,92.3,190.3,5.7,53,17334,98.0,106.2,1
1514,Eternal Requiem,2018,Action,Adventure,English,India,MGM,E. Muller,155,126.6,221.7,8.0,79,27807,95.1,75.1,0
1172,Eternal Odyssey,2018,Adventure,Romance,English,Germany,Legendary Pictures,A. Sharma,82,100.0,47.3,6.9,70,47671,-52.7,-52.7,0
1521,Shadow Vengeance,2018,Animation,Drama,Spanish,USA,Sony Pictures,P. Dubois,80,79.5,222.7,7.2,70,78102,143.2,180.1,1
1171,Final Kingdom,2018,Adventure,,Hindi,USA,Warner Bros,J. Nolan,134,25.3,23.3,8.1,70,32114,-2.0,-7.9,0
1168,Dark Storm,2018,Comedy,,English,China,Legendary Pictures,L. Garcia,144,12.9,5.2,7.0,87,16329,-7.7,-59.7,0
1416,Rising Storm,2018,Sci-Fi,Drama,English,China,Paramount,B. Martinez,94,34.5,109.6,7.1,67,10263,75.1,217.7,1
1624,Shadow Odyssey,2018,Horror,Drama,Japanese,France,Walt Disney Studios,M. Chen,144,22.5,66.2,7.3,69,80077,43.7,194.2,1
1410,Last Kingdom,2018,Thriller,Crime,Hindi,Japan,Warner Bros,P. Dubois,123,31.2,136.6,7.1,73,29662,105.4,337.8,1
1625,Golden Vengeance,2018,Comedy,,English,South Korea,Warner Bros,K. Tanaka,141,21.7,114.1,7.5,87,26178,92.4,425.8,1
1535,Lost Legacy,2018,Comedy,Crime,English,France,Universal Pictures,D. Okafor,143,56.7,57.7,6.8,68,37713,1.0,1.8,0
1251,Dark Odyssey,2018,Thriller,Horror,Hindi,UK,A24,R. Patel,106,10.7,16.9,5.5,64,68337,6.2,57.9,0
1663,Hidden Dawn,2018,Sci-Fi,Animation,Spanish,Japan,Lionsgate,J. Nolan,92,154.2,77.9,7.2,71,16809,-76.3,-49.5,0
1669,Forgotten Odyssey,2018,Sci-Fi,,Korean,Australia,Universal Pictures,E. Muller,144,23.0,57.7,7.5,71,31357,34.7,150.9,1
1621,Shadow Horizon,2018,Sci-Fi,Comedy,Chinese,France,MGM,P. Dubois,101,21.1,54.8,5.5,48,397070,33.7,159.7,1
1357,Forgotten Requiem,2018,Comedy,,English,UK,20th Century Studios,N. Rossi,134,52.5,662.9,7.1,72,10165,610.4,1162.7,1
1087,Wild Empire,2018,Comedy,Horror,Hindi,UK,Walt Disney Studios,M. Chen,75,55.1,80.1,6.7,61,154693,25.0,45.4,0
1081,Golden Requiem,2018,Comedy,,English,Germany,Warner Bros,E. Muller,95,47.9,321.7,3.8,53,2253,273.8,571.6,1
1045,Lost Requiem,2018,Adventure,Drama,English,Canada,20th Century Studios,A. Sharma,92,47.4,202.6,4.9,54,67741,155.2,327.4,1
1737,Final Storm,2018,Adventure,Horror,English,Germany,Paramount,M. Chen,121,98.2,108.2,8.1,84,80480,10.0,10.2,0
1315,Wild Legacy,2018,Crime,,English,USA,Legendary Pictures,A. Sharma,140,70.3,49.8,6.2,61,208326,-20.5,-29.2,0
1536,Eternal Odyssey,2018,Horror,Romance,Chinese,USA,Sony Pictures,E. Muller,113,19.8,348.2,5.9,52,20963,328.4,1658.6,1
1490,Rising Frontier,2018,Comedy,Drama,English,Canada,MGM,A. Sharma,109,50.8,794.4,5.2,45,105613,743.6,1463.8,1
1419,Dark Storm,2018,Animation,Romance,Chinese,USA,Lionsgate,A. Sharma,120,22.6,146.2,8.4,86,39300,123.6,546.9,1
1714,Golden Journey,2018,Crime,Animation,English,Canada,MGM,N. Rossi,108,39.3,246.2,5.6,49,67966,206.9,526.5,1
1218,Crimson Empire,2018,Horror,,English,Canada,Paramount,N. Rossi,126,12.3,49.2,7.5,76,169904,36.9,300.0,1
1215,Golden Whisper,2018,Sci-Fi,Drama,English,China,A24,S. Kim,116,96.2,551.1,5.8,39,114647,454.9,472.9,1
1360,Eternal Frontier,2018,Adventure,,English,South Korea,Paramount,K. Tanaka,120,63.9,151.2,5.5,41,4434,87.3,136.6,1
1375,Golden Horizon,2018,Animation,Comedy,Hindi,UK,Legendary Pictures,A. Sharma,119,44.1,93.3,6.8,62,12126,49.2,111.6,1
1029,Hidden Empire,2018,Drama,,Chinese,Japan,Universal Pictures,S. Kim,129,51.3,332.2,6.9,74,50238,280.9,547.6,1
1031,Dark Storm,2018,Adventure,,English,Germany,MGM,A. Sharma,104,50.9,289.6,5.7,61,16334,238.7,469.0,1
1790,Endless Vengeance,2018,Sci-Fi,,French,Germany,Lionsgate,J. Nolan,154,55.9,168.9,6.9,63,213423,113.0,202.1,1
1071,Lost Odyssey,2018,Animation,,French,Australia,Universal Pictures,H. Cho,128,80.6,63.4,5.4,60,118198,-17.2,-21.3,0
1303,Broken Chronicles,2019,Animation,Sci-Fi,Hindi,UK,Sony Pictures,P. Dubois,95,104.8,354.5,8.3,86,99234,249.7,238.3,1
1726,Shadow Requiem,2019,Action,Horror,English,Canada,Warner Bros,D. Okafor,121,60.6,55.1,6.7,56,2584,-5.5,-9.1,0
1214,Rising Vengeance,2019,Animation,,Spanish,India,20th Century Studios,N. Rossi,119,40.7,25.9,3.9,38,64449,-14.8,-36.4,0
1455,Eternal Dawn,2019,Animation,Comedy,English,Australia,Lionsgate,K. Tanaka,157,47.3,157.0,7.2,63,42927,109.7,231.9,1
1797,Wild Odyssey,2019,Adventure,,Japanese,Canada,Walt Disney Studios,T. Wilson,91,76.3,435.5,6.6,63,93380,359.2,470.8,1
1747,Wild Requiem,2019,Sci-Fi,,Hindi,India,Sony Pictures,V. Petrov,112,99.7,110.2,8.0,66,172406,10.5,10.5,0
1579,Lost Horizon,2019,Drama,,Hindi,India,Universal Pictures,A. Sharma,118,29.8,69.2,7.0,74,34187,39.4,132.2,1
1587,Final Whisper,2019,Comedy,Horror,Chinese,Australia,20th Century Studios,S. Kim,81,60.0,439.6,5.1,50,18108,379.6,632.7,1
1563,Dark Dawn,2019,Action,Crime,English,Germany,Sony Pictures,E. Muller,93,143.0,160.0,7.5,74,241718,17.0,11.9,0
1339,Endless Legacy,2019,Romance,Action,Korean,Germany,20th Century Studios,B. Martinez,108,21.6,55.8,8.1,70,17140,34.2,158.3,1
1667,Shadow Requiem,2019,Action,Drama,French,Germany,20th Century Studios,T. Wilson,138,73.5,703.6,5.7,58,125171,630.1,857.3,1
1668,Golden Whisper,2019,Comedy,Drama,Hindi,India,Walt Disney Studios,B. Martinez,135,33.1,42.0,5.0,51,57879,8.9,26.9,0
1623,Wild Frontier,2019,Romance,Horror,French,Japan,MGM,J. Nolan,96,41.1,268.4,7.4,65,9136,227.3,553.0,1
1364,Endless Storm,2019,Thriller,,Japanese,UK,20th Century Studios,K. Tanaka,125,62.5,55.0,8.7,90,23382,-7.5,-12.0,0
1651,Hidden Kingdom,2019,Sci-Fi,Comedy,English,China,Paramount,V. Petrov,136,93.5,81.1,8.4,92,64942,-12.4,-13.3,0
1244,Endless Dawn,2019,Animation,Romance,English,Canada,A24,R. Patel,170,12.7,40.1,7.8,72,791437,27.4,215.7,1
1325,Rising Whisper,2019,Horror,Animation,Spanish,China,Warner Bros,S. Kim,113,25.3,89.2,7.4,55,4756,63.9,252.6,1
1539,Dark Storm,2019,Sci-Fi,Action,English,France,Paramount,B. Martinez,104,34.8,512.9,6.0,62,60637,478.1,1373.9,1
1480,Rising Frontier,2019,Horror,,French,Australia,Sony Pictures,D. Okafor,121,10.1,7.7,7.1,74,2415,-2.4,-23.8,0
1422,Forgotten Storm,2019,Romance,Animation,English,UK,Lionsgate,V. Petrov,141,22.6,241.7,6.5,69,15086,219.1,969.5,1
1192,Hidden Legacy,2019,Romance,Crime,English,Japan,Universal Pictures,M. Chen,79,26.4,73.3,6.6,69,277840,46.9,177.7,1
1695,Dark Vengeance,2019,Comedy,Adventure,Japanese,South Korea,Walt Disney Studios,A. Sharma,89,42.9,127.8,6.7,58,29590,84.9,197.9,1
1710,Final Journey,2019,Horror,,Spanish,Japan,A24,H. Cho,129,19.4,57.8,7.7,79,7695,38.4,197.9,1
1093,Shadow Odyssey,2019,Comedy,,Japanese,UK,MGM,R. Patel,114,42.6,166.1,5.7,57,36745,123.5,289.9,1
1743,Forgotten Storm,2019,Animation,,Spanish,Australia,Walt Disney Studios,P. Dubois,108,67.6,397.0,7.8,78,20350,329.4,487.3,1
1468,Hidden Odyssey,2019,Action,,English,France,MGM,A. Sharma,142,128.7,367.8,7.3,78,14165,239.1,185.8,1
1414,Final Odyssey,2020,Drama,Crime,Hindi,Germany,Universal Pictures,J. Nolan,105,57.1,130.4,7.6,70,41177,73.3,128.4,1
1546,Dark Odyssey,2020,Horror,,English,South Korea,Warner Bros,D. Okafor,94,21.4,469.6,7.8,77,9500,448.2,2094.4,1
1576,Final Empire,2020,Drama,Sci-Fi,Chinese,France,Paramount,K. Tanaka,127,42.8,198.2,5.3,59,324412,155.4,363.1,1
1551,Shadow Journey,2020,Romance,,English,China,Warner Bros,D. Okafor,110,46.4,22.7,8.0,92,64082,-23.7,-51.1,0
1281,Final Horizon,2020,Crime,,English,Australia,20th Century Studios,E. Muller,97,62.9,122.5,7.2,54,17227,59.6,94.8,0
1548,Forgotten Redemption,2020,Thriller,Action,Korean,India,A24,M. Chen,117,58.8,74.6,6.9,87,943262,15.8,26.9,0
1435,Silent Storm,2020,Action,Drama,English,Japan,Paramount,E. Muller,111,114.9,98.9,7.3,88,185678,-16.0,-13.9,0
1652,Wild Redemption,2020,Adventure,Crime,French,South Korea,Lionsgate,A. Sharma,101,77.6,39.4,6.0,75,59376,-38.2,-49.2,0
1368,Lost Echo,2020,Drama,Romance,Chinese,Germany,Legendary Pictures,L. Garcia,123,53.3,125.2,6.4,74,16109,71.9,134.9,1
1609,Hidden Legacy,2020,Horror,,Chinese,France,MGM,M. Chen,124,22.7,100.0,7.6,80,129124,77.3,340.5,1
1436,Last Vengeance,2020,Comedy,Sci-Fi,Japanese,Japan,A24,L. Garcia,124,19.3,9.1,6.5,56,13098,-10.2,-52.8,0
1464,Rising Requiem,2020,Romance,,English,Australia,Paramount,M. Chen,94,12.9,37.2,4.7,37,63172,24.3,188.4,1
1048,Crimson Vengeance,2020,Action,,French,Canada,Lionsgate,H. Cho,136,20.8,6.6,6.6,70,9498,-14.2,-68.3,0
1709,Last Journey,2020,Romance,,Japanese,India,MGM,T. Wilson,82,13.7,41.8,6.4,70,6966,28.1,205.1,1
1544,Hidden Dawn,2020,Thriller,Romance,French,China,A24,K. Tanaka,80,37.4,97.5,5.4,51,100425,60.1,160.7,1
1021,Endless Storm,2020,Thriller,Action,Japanese,USA,Paramount,M. Chen,136,53.6,22.0,4.6,34,38301,-31.6,-59.0,0
1745,Broken Redemption,2020,Thriller,,English,France,Warner Bros,M. Chen,122,55.2,80.6,7.4,65,42124,25.4,46.0,0
1020,Wild Frontier,2020,Adventure,,Hindi,India,Sony Pictures,T. Wilson,117,118.8,264.1,6.3,42,5026,145.3,122.3,1
1765,Endless Journey,2020,Action,Crime,English,Australia,MGM,T. Wilson,91,50.5,119.8,7.0,71,22284,69.3,137.2,1
1715,Silent Journey,2020,Adventure,Horror,Korean,France,Universal Pictures,P. Dubois,129,107.3,217.9,3.7,40,8276,110.6,103.1,1
1712,Last Whisper,2020,Crime,,English,China,Sony Pictures,N. Rossi,119,35.7,47.2,5.5,39,321068,11.5,32.2,0
1711,Hidden Empire,2020,Sci-Fi,,Chinese,USA,Walt Disney Studios,S. Kim,107,96.9,266.9,6.5,61,144283,170.0,175.4,1
1229,Forgotten Frontier,2020,Thriller,,Hindi,USA,Paramount,N. Rossi,118,27.0,55.7,6.0,55,113695,28.7,106.3,1
1749,Crimson Redemption,2020,Horror,Sci-Fi,English,Canada,20th Century Studios,S. Kim,75,14.0,20.2,6.4,59,33777,6.2,44.3,0
1566,Dark Vengeance,2021,Horror,Romance,Korean,China,MGM,B. Martinez,128,18.1,55.2,4.9,47,11245,37.1,205.0,1
1152,Broken Odyssey,2021,Comedy,Sci-Fi,Chinese,Germany,Lionsgate,A. Sharma,137,52.8,317.5,6.5,60,8801,264.7,501.3,1
1387,Broken Requiem,2021,Sci-Fi,Action,English,China,MGM,A. Sharma,106,30.4,225.7,7.5,64,12135,195.3,642.4,1
1149,Broken Vengeance,2021,Horror,,Spanish,Australia,Walt Disney Studios,D. Okafor,99,35.9,55.4,5.2,47,34363,19.5,54.3,0
1638,Silent Dawn,2021,Animation,,English,USA,MGM,B. Martinez,109,118.8,150.3,8.5,88,52562,31.5,26.5,0
1263,Eternal Redemption,2021,Crime,,English,Japan,MGM,R. Patel,75,68.0,187.7,7.2,51,284805,119.7,176.0,1
1644,Endless Echo,2021,Romance,,Japanese,Japan,20th Century Studios,A. Sharma,97,50.2,91.1,7.2,60,29445,40.9,81.5,0
1656,Golden Vengeance,2021,Crime,,Japanese,India,A24,K. Tanaka,82,38.5,33.0,5.1,65,60625,-5.5,-14.3,0
1642,Shadow Odyssey,2021,Crime,,Japanese,Japan,Warner Bros,L. Garcia,93,30.8,112.1,7.1,85,943488,81.3,264.0,1
1432,Dark Chronicles,2021,Sci-Fi,Animation,English,France,Lionsgate,V. Petrov,113,117.0,228.7,7.6,71,30311,111.7,95.5,0
1113,Golden Horizon,2021,Comedy,,Hindi,Australia,Sony Pictures,S. Kim,117,11.4,17.0,4.8,45,8881,5.6,49.1,0
1323,Wild Dawn,2021,Sci-Fi,Drama,Japanese,USA,Universal Pictures,E. Muller,131,131.8,392.4,5.8,55,22874,260.6,197.7,1
1246,Rising Legacy,2021,Thriller,Adventure,English,USA,Sony Pictures,N. Rossi,119,41.3,31.8,5.4,73,2779,-9.5,-23.0,0
1543,Endless Storm,2021,Animation,Horror,English,Canada,Legendary Pictures,P. Dubois,108,108.2,711.1,8.2,79,105751,602.9,557.2,1
1537,Crimson Journey,2021,Horror,Thriller,English,Australia,MGM,S. Kim,148,15.0,7.6,6.9,72,15703,-7.4,-49.3,0
1083,Golden Storm,2021,Horror,Crime,English,UK,Paramount,E. Muller,103,21.5,34.4,7.0,82,18704,12.9,60.0,0
1502,Last Kingdom,2021,Action,Drama,Hindi,France,Universal Pictures,P. Dubois,75,68.1,60.4,8.4,78,1892,-7.7,-11.3,0
1577,Lost Kingdom,2021,Horror,,English,Germany,Warner Bros,H. Cho,112,36.4,182.7,7.1,87,3201,146.3,401.9,1
1353,Rising Frontier,2021,Sci-Fi,Comedy,English,UK,MGM,D. Okafor,140,43.5,53.4,5.8,72,19986,9.9,22.8,0
1768,Silent Frontier,2021,Comedy,Thriller,English,France,Lionsgate,E. Muller,113,20.7,67.5,8.0,73,10281,46.8,226.1,1
1427,Dark Chronicles,2021,Sci-Fi,Comedy,Japanese,South Korea,Warner Bros,T. Wilson,104,31.2,97.8,6.4,55,44803,66.6,213.5,1
1487,Shadow Whisper,2021,Crime,,Korean,France,20th Century Studios,J. Nolan,92,61.5,683.2,5.8,61,89948,621.7,1010.9,1
1312,Golden Chronicles,2021,Horror,Action,English,Canada,Warner Bros,S. Kim,93,23.3,190.6,6.9,66,18653,167.3,718.0,1
1424,Golden Horizon,2021,Action,,English,India,Paramount,S. Kim,125,147.3,279.0,6.2,69,15965,131.7,89.4,0
1237,Dark Vengeance,2021,Action,,English,Germany,Legendary Pictures,T. Wilson,102,107.8,5933.8,7.0,86,63345,5826.0,5404.5,1
1202,Forgotten Empire,2021,Comedy,Drama,Korean,Canada,Lionsgate,T. Wilson,116,13.1,197.4,6.7,65,286693,184.3,1406.9,1
1318,Crimson Redemption,2021,Romance,,Spanish,Canada,Paramount,V. Petrov,164,30.0,122.2,7.8,97,10007,92.2,307.3,1
1036,Last Dawn,2021,Adventure,Romance,Hindi,Japan,20th Century Studios,P. Dubois,111,97.2,368.8,6.8,72,9648,271.6,279.4,1
1454,Rising Echo,2021,Animation,Crime,Spanish,Japan,20th Century Studios,H. Cho,112,104.5,618.5,6.1,54,37183,514.0,491.9,1
1488,Last Storm,2021,Drama,,Hindi,South Korea,Warner Bros,M. Chen,165,49.6,361.7,6.8,78,28878,312.1,629.2,1
1220,Golden Chronicles,2021,Drama,,English,Japan,Lionsgate,K. Tanaka,99,15.6,164.1,8.0,89,16212,148.5,951.9,1
1156,Forgotten Odyssey,2021,Thriller,Horror,Japanese,UK,Sony Pictures,E. Muller,122,18.5,20.0,6.4,55,37873,1.5,8.1,0
1300,Wild Requiem,2021,Comedy,,English,South Korea,20th Century Studios,E. Muller,114,51.3,197.6,6.7,64,42707,146.3,285.2,1
1066,Shadow Journey,2021,Comedy,Horror,English,China,Legendary Pictures,P. Dubois,93,52.2,92.6,6.5,65,44304,40.4,77.4,0
1570,Broken Requiem,2021,Horror,,English,Australia,Walt Disney Studios,A. Sharma,134,4.8,10.8,7.3,70,188656,6.0,125.0,1
1572,Silent Echo,2021,Horror,Crime,Korean,Japan,Universal Pictures,D. Okafor,129,9.9,16.8,8.0,66,84038,6.9,69.7,0
1443,Golden Whisper,2022,Animation,Action,Japanese,South Korea,Walt Disney Studios,R. Patel,92,85.2,215.8,6.0,75,34075,130.6,153.3,1
1096,Silent Empire,2022,Adventure,,English,Japan,Universal Pictures,T. Wilson,134,81.8,242.7,6.7,59,780409,160.9,196.7,1
1174,Wild Redemption,2022,Action,,Japanese,UK,Universal Pictures,B. Martinez,104,72.8,146.7,4.7,50,53425,73.9,101.5,1
1189,Wild Requiem,2022,Thriller,,English,Germany,MGM,V. Petrov,85,45.6,139.6,8.0,84,12306,94.0,206.1,1
1117,Hidden Chronicles,2022,Crime,Sci-Fi,Korean,Germany,Lionsgate,E. Muller,86,46.1,578.4,5.1,45,43368,532.3,1154.7,1
1182,Eternal Journey,2022,Romance,Crime,Spanish,France,20th Century Studios,N. Rossi,95,44.3,92.5,5.6,46,33818,48.2,108.8,1
1583,Rising Chronicles,2022,Action,Animation,Korean,India,Paramount,T. Wilson,110,117.4,460.3,7.9,87,56058,342.9,292.1,1
1015,Silent Dawn,2022,Horror,,Japanese,South Korea,Lionsgate,E. Muller,116,23.3,40.7,7.0,65,49340,17.4,74.7,0
1056,Eternal Redemption,2022,Horror,Animation,French,UK,A24,R. Patel,145,12.9,34.6,5.1,61,376232,21.7,168.2,1
1698,Eternal Journey,2022,Adventure,,Spanish,UK,A24,N. Rossi,119,59.7,253.8,6.5,43,79385,194.1,325.1,1
1337,Wild Frontier,2022,Crime,,English,Japan,A24,N. Rossi,98,41.9,52.1,5.6,45,38800,10.2,24.3,0
1672,Lost Kingdom,2022,Drama,,Korean,USA,Universal Pictures,P. Dubois,108,35.4,55.3,7.4,79,241148,19.9,56.2,0
1230,Hidden Kingdom,2022,Crime,Sci-Fi,English,UK,MGM,J. Nolan,114,23.5,43.6,8.3,89,13471,20.1,85.5,0
1236,Endless Frontier,2022,Sci-Fi,,English,Canada,Legendary Pictures,L. Garcia,103,162.3,304.0,6.6,68,14343,141.7,87.3,0
1493,Dark Odyssey,2022,Drama,Action,Japanese,South Korea,20th Century Studios,E. Muller,125,7.7,15.0,7.3,68,38344,7.3,94.8,0
1691,Forgotten Redemption,2022,Animation,Comedy,Hindi,France,Legendary Pictures,B. Martinez,92,105.8,120.1,6.3,64,322618,14.3,13.5,0
1099,Endless Redemption,2022,Sci-Fi,,English,Canada,Paramount,T. Wilson,124,56.3,59.6,6.7,57,22862,3.3,5.9,0
1112,Lost Chronicles,2022,Romance,,Chinese,Australia,Paramount,N. Rossi,97,48.2,730.5,6.8,70,162368,682.3,1415.6,1
1267,Silent Whisper,2022,Sci-Fi,,Japanese,South Korea,20th Century Studios,E. Muller,111,43.9,309.1,6.2,54,25303,265.2,604.1,1
1614,Hidden Empire,2022,Thriller,Romance,Hindi,Japan,20th Century Studios,P. Dubois,132,76.8,56.0,6.8,63,90340,-20.8,-27.1,0
1333,Forgotten Chronicles,2022,Sci-Fi,,French,Canada,Lionsgate,R. Patel,144,150.9,155.0,6.7,64,50645,4.1,2.7,0
1265,Golden Storm,2022,Drama,,English,South Korea,Sony Pictures,P. Dubois,154,54.7,29.4,5.6,60,54306,-25.3,-46.3,0
1629,Shadow Redemption,2022,Animation,Action,French,France,Lionsgate,T. Wilson,107,48.3,20.0,5.1,37,40183,-28.3,-58.6,0
1235,Final Redemption,2022,Adventure,Animation,Japanese,UK,20th Century Studios,L. Garcia,150,79.3,637.1,7.4,76,89376,557.8,703.4,1
1394,Final Odyssey,2022,Action,Horror,English,UK,Lionsgate,D. Okafor,166,104.7,379.3,8.4,86,19377,274.6,262.3,1
1601,Eternal Empire,2022,Animation,Crime,English,France,A24,N. Rossi,78,48.8,286.1,5.0,56,55880,237.3,486.3,1
1147,Golden Empire,2022,Romance,Action,French,South Korea,MGM,D. Okafor,126,30.4,15.1,4.9,74,170474,-15.3,-50.3,0
1305,Crimson Echo,2022,Action,Animation,English,Germany,Paramount,T. Wilson,75,48.9,15.2,6.6,71,3722,-33.7,-68.9,0
1361,Dark Chronicles,2022,Sci-Fi,Romance,Spanish,South Korea,Lionsgate,H. Cho,80,116.3,152.4,9.1,79,10780,36.1,31.0,0
1255,Crimson Storm,2022,Adventure,,English,USA,Universal Pictures,S. Kim,121,44.4,402.6,5.5,62,53727,358.2,806.8,1
1291,Golden Whisper,2022,Animation,Sci-Fi,English,UK,Walt Disney Studios,H. Cho,163,118.6,148.2,6.7,82,425386,29.6,25.0,0
1717,Lost Frontier,2022,Drama,,English,Germany,20th Century Studios,V. Petrov,134,6.2,15.7,7.0,62,48408,9.5,153.2,1
1308,Dark Empire,2022,Action,Comedy,English,UK,20th Century Studios,M. Chen,120,79.2,89.9,6.3,52,35416,10.7,13.5,0
1571,Golden Dawn,2022,Crime,,English,USA,Lionsgate,L. Garcia,75,60.5,49.5,6.2,68,10140,-11.0,-18.2,0
1559,Lost Horizon,2022,Drama,,Chinese,China,Lionsgate,E. Muller,127,9.4,84.8,6.5,59,6250,75.4,802.1,1
1596,Eternal Odyssey,2022,Romance,,French,France,Legendary Pictures,T. Wilson,133,15.0,43.3,5.5,49,15330,28.3,188.7,1
1789,Rising Odyssey,2023,Action,Animation,English,France,Sony Pictures,N. Rossi,104,69.5,529.0,5.6,58,296450,459.5,661.2,1
1727,Forgotten Empire,2023,Animation,,English,USA,Paramount,V. Petrov,133,126.8,191.2,4.3,46,56155,64.4,50.8,0
1590,Eternal Journey,2023,Action,,Korean,Germany,Lionsgate,M. Chen,100,95.9,225.4,6.2,50,13414,129.5,135.0,1
1208,Shadow Requiem,2023,Animation,Adventure,Hindi,Australia,Warner Bros,N. Rossi,148,45.0,130.0,7.4,85,67031,85.0,188.9,1
1310,Forgotten Vengeance,2023,Sci-Fi,Crime,Korean,India,Lionsgate,M. Chen,98,78.5,133.0,6.0,56,248799,54.5,69.4,0
1782,Broken Storm,2023,Comedy,Sci-Fi,Chinese,Australia,Lionsgate,D. Okafor,123,69.7,300.6,7.8,84,1291,230.9,331.3,1
1160,Dark Odyssey,2023,Comedy,,Japanese,France,Lionsgate,T. Wilson,88,20.9,80.1,3.9,34,48258,59.2,283.3,1
1217,Final Horizon,2023,Action,,English,Australia,Lionsgate,K. Tanaka,105,147.1,154.7,7.0,73,1992,7.6,5.2,0
1022,Broken Chronicles,2023,Sci-Fi,,English,China,MGM,N. Rossi,123,99.3,1788.2,7.9,71,285782,1688.9,1700.8,1
1766,Endless Kingdom,2023,Romance,,English,Australia,Paramount,D. Okafor,118,28.9,96.6,5.1,44,15114,67.7,234.3,1
1448,Eternal Horizon,2023,Adventure,,Spanish,Japan,Lionsgate,V. Petrov,128,112.8,257.9,6.4,87,170362,145.1,128.6,1
1418,Endless Kingdom,2023,Comedy,Crime,French,India,Paramount,T. Wilson,125,28.2,17.6,7.4,64,32319,-10.6,-37.6,0
1647,Broken Vengeance,2023,Adventure,Sci-Fi,Hindi,Australia,MGM,K. Tanaka,129,13.2,85.5,7.1,66,235676,72.3,547.7,1
1690,Golden Odyssey,2023,Comedy,Action,English,Australia,Paramount,M. Chen,112,70.1,268.4,6.3,72,69536,198.3,282.9,1
1405,Endless Horizon,2023,Comedy,Action,English,South Korea,Sony Pictures,S. Kim,121,14.6,25.7,5.2,49,20002,11.1,76.0,0
1322,Broken Empire,2023,Horror,Drama,French,South Korea,A24,M. Chen,105,39.4,207.6,7.7,76,10638,168.2,426.9,1
1634,Silent Chronicles,2023,Animation,,Korean,USA,Paramount,S. Kim,116,35.7,73.7,8.4,84,92502,38.0,106.4,1
1653,Endless Whisper,2023,Romance,Sci-Fi,English,Germany,Lionsgate,H. Cho,104,25.5,63.1,7.3,75,371251,37.6,147.5,1
1321,Silent Empire,2023,Drama,Crime,English,Germany,Warner Bros,B. Martinez,135,60.3,392.8,7.5,78,9958,332.5,551.4,1
1114,Shadow Chronicles,2023,Comedy,Crime,French,South Korea,Paramount,S. Kim,122,57.2,134.7,5.4,48,6390,77.5,135.5,1
1515,Dark Empire,2023,Action,Crime,Japanese,India,MGM,L. Garcia,95,108.0,150.3,8.5,82,108432,42.3,39.2,0
1328,Dark Odyssey,2023,Comedy,,Chinese,USA,20th Century Studios,J. Nolan,124,68.4,38.7,8.7,84,12265,-29.7,-43.4,0
1006,Golden Whisper,2024,Comedy,Drama,Hindi,India,Warner Bros,B. Martinez,132,39.0,46.9,8.5,78,7438,7.9,20.3,0
1141,Crimson Dawn,2024,Animation,Action,Chinese,Germany,Legendary Pictures,H. Cho,124,126.7,968.9,8.4,88,44588,842.2,664.7,1
1354,Crimson Horizon,2024,Adventure,,English,USA,Universal Pictures,V. Petrov,153,147.9,364.0,8.1,89,36740,216.1,146.1,1
1155,Last Kingdom,2024,Drama,Action,English,China,Warner Bros,H. Cho,112,58.7,511.7,7.0,75,419,453.0,771.7,1
1722,Eternal Vengeance,2024,Sci-Fi,,Chinese,Canada,A24,D. Okafor,100,20.6,179.0,6.8,61,35537,158.4,768.9,1
1024,Lost Kingdom,2024,Action,,Chinese,Germany,20th Century Studios,H. Cho,100,152.1,758.3,4.4,43,19068,606.2,398.6,1
1759,Eternal Echo,2024,Horror,,Chinese,South Korea,Lionsgate,S. Kim,86,23.6,251.0,7.9,83,23783,227.4,963.6,1
1211,Wild Redemption,2024,Adventure,Horror,Korean,Australia,Paramount,B. Martinez,142,91.7,114.3,6.0,65,22265,22.6,24.6,0
1132,Lost Redemption,2024,Comedy,Drama,English,India,Walt Disney Studios,D. Okafor,119,52.2,152.0,8.1,83,235040,99.8,191.2,1
1520,Endless Journey,2024,Thriller,Adventure,English,USA,Universal Pictures,H. Cho,139,43.4,93.8,6.0,58,176039,50.4,116.1,1
1268,Silent Legacy,2024,Romance,Drama,English,UK,Paramount,J. Nolan,127,42.3,209.4,6.4,57,9731,167.1,395.0,1
1125,Shadow Chronicles,2024,Sci-Fi,,English,South Korea,20th Century Studios,V. Petrov,98,102.5,162.4,8.3,85,5199,59.9,58.4,0
1552,Broken Dawn,2024,Horror,,Hindi,Germany,Legendary Pictures,R. Patel,130,28.6,21.2,8.4,83,175199,-7.4,-25.9,0
1148,Broken Frontier,2024,Romance,,English,Germany,MGM,B. Martinez,102,10.8,15.2,9.4,98,274656,4.4,40.7,0
1562,Crimson Storm,2024,Comedy,,English,China,Legendary Pictures,S. Kim,115,52.2,56.9,7.2,72,52413,4.7,9.0,0
1400,Silent Kingdom,2024,Drama,Animation,Hindi,Germany,Warner Bros,D. Okafor,93,6.1,7.4,7.7,90,21563,1.3,21.3,0
1643,Hidden Requiem,2024,Animation,,English,USA,20th Century Studios,M. Chen,121,13.5,28.5,6.3,47,11570,15.0,111.1,1
1512,Final Legacy,2024,Action,Animation,English,Australia,Sony Pictures,M. Chen,91,156.0,390.8,5.7,68,137285,234.8,150.5,1
1275,Shadow Storm,2024,Adventure,,Hindi,USA,Lionsgate,H. Cho,76,117.7,268.0,9.1,91,13907,150.3,127.7,1
1285,Wild Whisper,2024,Comedy,,English,France,Lionsgate,E. Muller,95,42.9,172.0,6.2,55,150200,129.1,300.9,1
1261,Endless Redemption,2024,Comedy,,English,Australia,MGM,A. Sharma,142,53.6,31.2,7.3,74,58658,-22.4,-41.8,0
1256,Silent Kingdom,2024,Comedy,,Hindi,India,Walt Disney Studios,B. Martinez,108,30.3,17.2,7.5,86,8692,-13.1,-43.2,0
1377,Shadow Redemption,2024,Comedy,Animation,Korean,South Korea,Sony Pictures,V. Petrov,75,45.2,24.5,6.3,77,42064,-20.7,-45.8,0
1372,Hidden Echo,2024,Thriller,,Hindi,Japan,Lionsgate,V. Petrov,112,70.6,466.1,7.6,82,71413,395.5,560.2,1
1483,Final Journey,2024,Sci-Fi,Action,Japanese,Germany,Universal Pictures,J. Nolan,99,112.2,582.5,6.8,53,67890,470.3,419.2,1
1344,Shadow Kingdom,2024,Romance,,Chinese,India,20th Century Studios,V. Petrov,124,4.6,2.9,6.5,52,64693,-1.7,-37.0,0
1073,Wild Legacy,2024,Sci-Fi,Comedy,English,USA,Walt Disney Studios,T. Wilson,107,71.0,257.8,7.5,72,119077,186.8,263.1,1
1347,Shadow Kingdom,2024,Romance,Drama,Chinese,USA,MGM,D. Okafor,128,8.3,11.1,8.3,82,22542,2.8,33.7,0
1346,Crimson Empire,2024,Horror,Drama,Spanish,Germany,20th Century Studios,V. Petrov,146,13.6,19.9,6.5,68,22871,6.3,46.3,0
1767,Last Whisper,2024,Sci-Fi,Animation,English,Canada,Warner Bros,V. Petrov,107,133.6,748.6,6.0,51,31804,615.0,460.3,1
1485,Last Requiem,2024,Horror,Adventure,Chinese,India,Legendary Pictures,B. Martinez,122,28.3,218.4,6.4,64,6284,190.1,671.7,1
1449,Last Kingdom,2024,Horror,,Spanish,Australia,A24,A. Sharma,118,44.3,25.2,4.8,58,26452,-19.1,-43.1,0
1002,Crimson Requiem,2024,Horror,Thriller,English,Canada,Legendary Pictures,T. Wilson,142,16.2,19.7,7.2,67,45394,3.5,21.6,0
1032,Shadow Vengeance,2024,Drama,,Japanese,UK,Lionsgate,E. Muller,93,46.8,26.9,6.1,49,16358,-19.9,-42.5,0
1041,Dark Requiem,2024,Crime,Thriller,Chinese,South Korea,Universal Pictures,E. Muller,140,13.8,52.1,6.2,65,195611,38.3,277.5,1
